ChipID,C_Bake[h],C_Stage,C_Temp,C_Cond,P_DeviceName,P_IREFL_EE,P_IREFH_EE,P_IREFL_FLASH,P_IREFH_FLASH
262702,,-9,35,PR1,1,,,-24,8
271406,,-9,35,PR1,2,,,-24,12
266267,,-9,35,PR1,3,,,-25,13
268350,,-9,35,PR1,4,,,-26,14
269858,,-9,35,PR1,5,,,-25,12
333866,,-9,35,PR1,6,,,-26,12
270370,,-9,35,PR1,7,,,-26,13
267302,,-9,35,PR1,8,,,-24,13
332854,,-9,35,PR1,9,,,-27,15
332322,,-9,35,PR1,10,,,-27,15
332339,,-9,35,PR1,11,,,-25,12
268306,,-9,35,PR1,12,,,-25,13
334346,,-9,35,PR1,13,,,-26,12
334367,,-9,35,PR1,14,,,-27,13
266307,,-9,35,PR1,50,,,-25,11
334390,,-9,35,PR1,15,,,-26,11
264250,,-9,35,PR1,16,,,-26,12
334399,,-9,35,PR1,17,,,-24,13
329766,,-9,35,PR1,18,,,-26,12
333875,,-9,35,PR1,19,,,-26,13
330774,,-9,35,PR1,20,,,-28,14
266806,,-9,35,PR1,21,,,-25,14
332834,,-9,35,PR1,22,,,-27,15
332858,,-9,35,PR1,24,,,-25,13
267843,,-9,35,PR1,25,,,-25,12
332343,,-9,35,PR1,26,,,-26,13
333842,,-9,35,PR1,27,,,-26,11
269850,,-9,35,PR1,28,,,-26,11
265279,,-9,35,PR1,29,,,-27,14
266803,,-9,35,PR1,30,,,-26,12
331286,,-9,35,PR1,31,,,-26,13
266811,,-9,35,PR1,32,,,-27,11
267791,,-9,35,PR1,33,,,-25,11
333379,,-9,35,PR1,34,,,-26,13
335914,,-9,35,PR1,35,,,-27,12
333855,,-9,35,PR1,36,,,-26,13
330278,,-9,35,PR1,37,,,-24,13
267830,,-9,35,PR1,40,,,-25,12
332843,,-9,35,PR1,41,,,-27,13
330782,,-9,35,PR1,42,,,-27,13
334895,,-9,35,PR1,43,,,-26,14
336422,,-9,35,PR1,44,,,-28,13
332842,,-9,35,PR1,45,,,-26,14
335911,,-9,35,PR1,46,,,-28,13
332826,,-9,35,PR1,47,,,-25,15
263714,,-9,35,PR1,48,,,-26,13
331807,,-9,35,PR1,49,,,-27,15
334374,,-9,35,PR1,51,,,-27,14
267267,,-9,35,PR1,53,,,-24,10
331842,,-9,35,PR1,54,,,-28,13
335386,,-9,35,PR1,55,,,-27,13
269863,,-9,35,PR1,56,,,-24,13
268318,,-9,35,PR1,57,,,-26,13
334886,,-9,35,PR1,58,,,-25,12
330786,,-9,35,PR1,59,,,-24,13
268838,,-9,35,PR1,60,,,-25,13
333850,,-9,35,PR1,61,,,-27,14
331786,,-9,35,PR1,63,,,-26,13
332347,,-9,35,PR1,64,,,-28,14
269350,,-9,35,PR1,65,,,-26,13
266778,,-9,35,PR1,66,,,-25,14
270894,,-9,35,PR1,67,,,-28,13
267834,,-9,35,PR1,68,,,-27,13
265743,,-9,35,PR1,69,,,-26,10
334370,,-9,35,PR1,70,,,-26,14
336431,,-9,35,PR1,71,,,-26,13
329778,,-9,35,PR1,72,,,-26,12
332358,,-9,35,PR1,73,,,-24,9
336430,,-9,35,PR1,74,,,-28,13
267279,,-9,35,PR1,75,,,-25,10
334363,,-9,35,PR1,76,,,-26,14
265771,,-9,35,PR1,77,,,-25,11
334898,,-9,35,PR1,78,,,-28,13
270378,,-9,35,PR1,79,,,-26,13
335410,,-9,35,PR1,80,,,-27,14
268342,,-9,35,PR1,82,,,-26,13
270891,,-9,35,PR1,83,,,-26,14
268847,,-9,35,PR1,84,,,-23,13
335390,,-9,35,PR1,85,,,-25,13
267290,,-9,35,PR1,87,,,-23,12
262702,,-8,35,PR1,1,,,-22,9
271406,,-8,35,PR1,2,,,-22,8
266267,,-8,35,PR1,3,,,-23,9
268350,,-8,35,PR1,4,,,-24,10
269858,,-8,35,PR1,5,,,-23,9
333866,,-8,35,PR1,6,,,-24,10
270370,,-8,35,PR1,7,,,-24,9
267302,,-8,35,PR1,8,,,-23,9
332854,,-8,35,PR1,9,,,-25,12
332322,,-8,35,PR1,10,,,-24,11
332339,,-8,35,PR1,11,,,-23,10
268306,,-8,35,PR1,12,,,-22,9
334346,,-8,35,PR1,13,,,-24,11
334367,,-8,35,PR1,14,,,-24,9
266307,,-8,35,PR1,50,,,-23,8
334390,,-8,35,PR1,15,,,-24,6
264250,,-8,35,PR1,16,,,-25,11
334399,,-8,35,PR1,17,,,-22,9
329766,,-8,35,PR1,18,,,-24,10
333875,,-8,35,PR1,19,,,-24,10
330774,,-8,35,PR1,20,,,-25,10
266806,,-8,35,PR1,21,,,-24,10
332834,,-8,35,PR1,22,,,-25,12
332858,,-8,35,PR1,24,,,-23,9
267843,,-8,35,PR1,25,,,-23,7
332343,,-8,35,PR1,26,,,-24,10
333842,,-8,35,PR1,27,,,-24,8
269850,,-8,35,PR1,28,,,-24,8
265279,,-8,35,PR1,29,,,-25,11
266803,,-8,35,PR1,30,,,-23,10
331286,,-8,35,PR1,31,,,-24,8
266811,,-8,35,PR1,32,,,-25,11
267791,,-8,35,PR1,33,,,-23,9
333379,,-8,35,PR1,34,,,-23,10
335914,,-8,35,PR1,35,,,-25,10
333855,,-8,35,PR1,36,,,-24,11
330278,,-8,35,PR1,37,,,-22,11
267830,,-8,35,PR1,40,,,-23,9
332843,,-8,35,PR1,41,,,-25,10
330782,,-8,35,PR1,42,,,-24,6
334895,,-8,35,PR1,43,,,-25,9
336422,,-8,35,PR1,44,,,-26,12
332842,,-8,35,PR1,45,,,-24,11
335911,,-8,35,PR1,46,,,-26,12
332826,,-8,35,PR1,47,,,-23,11
263714,,-8,35,PR1,48,,,-24,11
331807,,-8,35,PR1,49,,,-25,12
334374,,-8,35,PR1,51,,,-24,11
267267,,-8,35,PR1,53,,,-22,6
331842,,-8,35,PR1,54,,,-26,10
335386,,-8,35,PR1,55,,,-25,10
269863,,-8,35,PR1,56,,,-23,11
268318,,-8,35,PR1,57,,,-24,9
334886,,-8,35,PR1,58,,,-23,8
330786,,-8,35,PR1,59,,,-22,10
268838,,-8,35,PR1,60,,,-23,10
333850,,-8,35,PR1,61,,,-25,11
331786,,-8,35,PR1,63,,,-25,9
332347,,-8,35,PR1,64,,,-25,10
269350,,-8,35,PR1,65,,,-24,10
266778,,-8,35,PR1,66,,,-23,11
270894,,-8,35,PR1,67,,,-26,11
267834,,-8,35,PR1,68,,,-25,10
265743,,-8,35,PR1,69,,,-24,9
334370,,-8,35,PR1,70,,,-24,11
336431,,-8,35,PR1,71,,,-24,11
329778,,-8,35,PR1,72,,,-23,9
332358,,-8,35,PR1,73,,,-23,6
336430,,-8,35,PR1,74,,,-25,10
267279,,-8,35,PR1,75,,,-23,10
334363,,-8,35,PR1,76,,,-24,10
265771,,-8,35,PR1,77,,,-23,10
334898,,-8,35,PR1,78,,,-25,10
270378,,-8,35,PR1,79,,,-24,11
335410,,-8,35,PR1,80,,,-25,9
268342,,-8,35,PR1,82,,,-24,10
270891,,-8,35,PR1,83,,,-24,12
268847,,-8,35,PR1,84,,,-21,10
335390,,-8,35,PR1,85,,,-23,10
267290,,-8,35,PR1,87,,,-21,9
262702,,-7,35,PR1,1,-32,32,-22,8
271406,,-7,35,PR1,2,-32,32,-22,8
266267,,-7,35,PR1,3,-32,32,-23,8
268350,,-7,35,PR1,4,-32,32,-23,11
269858,,-7,35,PR1,5,-32,32,-23,10
333866,,-7,35,PR1,6,-32,32,-24,10
270370,,-7,35,PR1,7,-32,32,-24,9
267302,,-7,35,PR1,8,-32,32,-22,10
332854,,-7,35,PR1,9,-32,32,-25,12
332322,,-7,35,PR1,10,-32,32,-24,9
332339,,-7,35,PR1,11,-32,32,-23,10
268306,,-7,35,PR1,12,-32,32,-23,10
334346,,-7,35,PR1,13,-32,32,-24,8
334367,,-7,35,PR1,14,-32,32,-25,10
266307,,-7,35,PR1,50,-32,32,-23,10
334390,,-7,35,PR1,15,-32,32,-24,10
264250,,-7,35,PR1,16,-32,32,-24,8
334399,,-7,35,PR1,17,-32,32,-22,11
329766,,-7,35,PR1,18,-32,32,-24,10
333875,,-7,35,PR1,19,-32,32,-24,11
330774,,-7,35,PR1,20,-32,32,-26,9
266806,,-7,35,PR1,21,-32,32,-24,10
332834,,-7,35,PR1,22,-32,32,-25,11
332858,,-7,35,PR1,24,-32,32,-23,9
267843,,-7,35,PR1,25,-32,32,-23,10
332343,,-7,35,PR1,26,-32,32,-24,9
333842,,-7,35,PR1,27,-32,32,-24,10
269850,,-7,35,PR1,28,-32,32,-24,9
265279,,-7,35,PR1,29,-32,32,-26,10
266803,,-7,35,PR1,30,-32,32,-23,10
331286,,-7,35,PR1,31,-32,32,-24,10
266811,,-7,35,PR1,32,-32,32,-25,11
267791,,-7,35,PR1,33,-32,32,-23,10
333379,,-7,35,PR1,34,-32,32,-24,11
335914,,-7,35,PR1,35,-32,32,-25,9
333855,,-7,35,PR1,36,-32,32,-24,11
330278,,-7,35,PR1,37,-32,32,-22,10
267830,,-7,35,PR1,40,-32,32,-23,9
332843,,-7,35,PR1,41,-32,32,-25,11
330782,,-7,35,PR1,42,-32,32,-24,9
334895,,-7,35,PR1,43,-32,32,-25,11
336422,,-7,35,PR1,44,-32,32,-25,11
332842,,-7,35,PR1,45,-32,32,-24,11
335911,,-7,35,PR1,46,-32,32,-26,12
332826,,-7,35,PR1,47,-32,32,-23,12
263714,,-7,35,PR1,48,-32,32,-24,8
331807,,-7,35,PR1,49,-32,32,-24,11
334374,,-7,35,PR1,51,-32,32,-25,10
267267,,-7,35,PR1,53,-32,32,-22,6
331842,,-7,35,PR1,54,-32,32,-26,9
335386,,-7,35,PR1,55,-32,32,-25,10
269863,,-7,35,PR1,56,-32,32,-23,9
268318,,-7,35,PR1,57,-32,32,-24,9
334886,,-7,35,PR1,58,-32,32,-23,10
330786,,-7,35,PR1,59,-32,32,-22,11
268838,,-7,35,PR1,60,-32,32,-23,10
333850,,-7,35,PR1,61,-32,32,-25,11
331786,,-7,35,PR1,63,-32,32,-25,10
332347,,-7,35,PR1,64,-32,32,-25,10
269350,,-7,35,PR1,65,-32,32,-24,6
266778,,-7,35,PR1,66,-32,32,-23,12
270894,,-7,35,PR1,67,-32,32,-26,10
267834,,-7,35,PR1,68,-32,32,-24,10
265743,,-7,35,PR1,69,-32,32,-24,9
334370,,-7,35,PR1,70,-32,32,-24,11
336431,,-7,35,PR1,71,-32,32,-24,11
329778,,-7,35,PR1,72,-32,32,-23,10
332358,,-7,35,PR1,73,-32,32,-22,8
336430,,-7,35,PR1,74,-32,32,-26,11
267279,,-7,35,PR1,75,-32,32,-23,7
334363,,-7,35,PR1,76,-32,32,-24,9
265771,,-7,35,PR1,77,-32,32,-23,10
334898,,-7,35,PR1,78,-32,32,-25,12
270378,,-7,35,PR1,79,-32,32,-24,11
335410,,-7,35,PR1,80,-32,32,-25,10
268342,,-7,35,PR1,82,-32,32,-24,10
270891,,-7,35,PR1,83,-32,32,-25,10
268847,,-7,35,PR1,84,-32,32,-21,10
335390,,-7,35,PR1,85,-32,32,-23,10
267290,,-7,35,PR1,87,-32,32,-21,9
262702,,-6,150,PR2,1,-16,16,-24,8
271406,,-6,150,PR2,2,-15,16,-24,12
266267,,-6,150,PR2,3,-7,9,-25,13
268350,,-6,150,PR2,4,-16,17,-26,14
269858,,-6,150,PR2,5,-9,9,-25,12
333866,,-6,150,PR2,6,-14,14,-26,12
270370,,-6,150,PR2,7,-7,8,-26,13
267302,,-6,150,PR2,8,-11,11,-24,13
332854,,-6,150,PR2,9,-14,12,-27,15
332322,,-6,150,PR2,10,-9,10,-27,15
332339,,-6,150,PR2,11,-13,12,-25,12
268306,,-6,150,PR2,12,-11,12,-25,13
334346,,-6,150,PR2,13,-18,17,-26,12
334367,,-6,150,PR2,14,-9,9,-27,13
266307,,-6,150,PR2,50,-11,11,-25,11
334390,,-6,150,PR2,15,-16,17,-26,11
264250,,-6,150,PR2,16,-12,13,-26,12
334399,,-6,150,PR2,17,-9,9,-24,13
329766,,-6,150,PR2,18,-7,9,-26,12
333875,,-6,150,PR2,19,-11,12,-26,13
330774,,-6,150,PR2,20,-12,12,-28,14
266806,,-6,150,PR2,21,-14,15,-25,14
332834,,-6,150,PR2,22,-14,14,-27,15
332858,,-6,150,PR2,24,-9,11,-25,13
267843,,-6,150,PR2,25,-17,16,-25,12
332343,,-6,150,PR2,26,-5,8,-26,13
333842,,-6,150,PR2,27,-18,18,-26,11
269850,,-6,150,PR2,28,-12,12,-26,11
265279,,-6,150,PR2,29,-9,10,-27,14
266803,,-6,150,PR2,30,-14,14,-26,12
331286,,-6,150,PR2,31,-12,13,-26,13
266811,,-6,150,PR2,32,-12,11,-27,11
267791,,-6,150,PR2,33,-13,12,-25,11
333379,,-6,150,PR2,34,-14,13,-26,13
335914,,-6,150,PR2,35,-15,15,-27,12
333855,,-6,150,PR2,36,-12,12,-26,13
330278,,-6,150,PR2,37,-15,14,-24,13
267830,,-6,150,PR2,40,-10,11,-25,12
332843,,-6,150,PR2,41,-12,13,-27,13
330782,,-6,150,PR2,42,-8,11,-27,13
334895,,-6,150,PR2,43,-11,13,-26,14
336422,,-6,150,PR2,44,-12,12,-28,13
332842,,-6,150,PR2,45,-11,12,-26,14
335911,,-6,150,PR2,46,-12,10,-28,13
332826,,-6,150,PR2,47,-10,12,-25,15
263714,,-6,150,PR2,48,-17,17,-26,13
331807,,-6,150,PR2,49,-10,9,-27,15
334374,,-6,150,PR2,51,-8,9,-27,14
267267,,-6,150,PR2,53,-14,13,-24,10
331842,,-6,150,PR2,54,-11,11,-28,13
335386,,-6,150,PR2,55,-9,9,-27,13
269863,,-6,150,PR2,56,-9,11,-24,13
268318,,-6,150,PR2,57,-9,10,-26,13
334886,,-6,150,PR2,58,-12,14,-25,12
330786,,-6,150,PR2,59,-8,9,-24,13
268838,,-6,150,PR2,60,-13,13,-25,13
333850,,-6,150,PR2,61,-11,12,-27,14
331786,,-6,150,PR2,63,-12,13,-26,13
332347,,-6,150,PR2,64,-13,12,-28,14
269350,,-6,150,PR2,65,-15,16,-26,13
266778,,-6,150,PR2,66,-11,12,-25,14
270894,,-6,150,PR2,67,-10,12,-28,13
267834,,-6,150,PR2,68,-9,10,-27,13
265743,,-6,150,PR2,69,-8,11,-26,10
334370,,-6,150,PR2,70,-13,14,-26,14
336431,,-6,150,PR2,71,-16,16,-26,13
329778,,-6,150,PR2,72,-9,10,-26,12
332358,,-6,150,PR2,73,-16,15,-24,9
336430,,-6,150,PR2,74,-8,11,-28,13
267279,,-6,150,PR2,75,-11,13,-25,10
334363,,-6,150,PR2,76,-16,17,-26,14
265771,,-6,150,PR2,77,-13,11,-25,11
334898,,-6,150,PR2,78,-6,6,-28,13
270378,,-6,150,PR2,79,-14,14,-26,13
335410,,-6,150,PR2,80,-13,13,-27,14
268342,,-6,150,PR2,82,-13,14,-26,13
270891,,-6,150,PR2,83,-13,14,-26,14
268847,,-6,150,PR2,84,-14,13,-23,13
335390,,-6,150,PR2,85,-10,14,-25,13
267290,,-6,150,PR2,87,-15,15,-23,12
262702,,-5,150,PR2,1,-16,32,-14,13
271406,,-5,150,PR2,2,-15,32,-13,15
266267,,-5,150,PR2,3,-7,32,-13,14
268350,,-5,150,PR2,4,-16,32,-14,16
269858,,-5,150,PR2,5,-9,32,-12,14
333866,,-5,150,PR2,6,-14,32,-13,15
270370,,-5,150,PR2,7,-7,32,-12,15
267302,,-5,150,PR2,8,-11,32,-13,15
332854,,-5,150,PR2,9,-14,32,-13,17
332322,,-5,150,PR2,10,-9,32,-13,16
332339,,-5,150,PR2,11,-13,32,-14,16
268306,,-5,150,PR2,12,-11,32,-13,15
334346,,-5,150,PR2,13,-18,32,-13,17
334367,,-5,150,PR2,14,-9,32,-14,17
266307,,-5,150,PR2,50,-11,32,-14,15
334390,,-5,150,PR2,15,-16,32,-14,15
264250,,-5,150,PR2,16,-12,32,-14,14
334399,,-5,150,PR2,17,-9,32,-12,16
329766,,-5,150,PR2,18,-7,32,-13,15
333875,,-5,150,PR2,19,-11,32,-13,16
330774,,-5,150,PR2,20,-12,32,-14,13
266806,,-5,150,PR2,21,-14,32,-14,17
332834,,-5,150,PR2,22,-14,32,-13,18
332858,,-5,150,PR2,24,-9,32,-14,16
267843,,-5,150,PR2,25,-17,32,-14,15
332343,,-5,150,PR2,26,-5,32,-12,16
333842,,-5,150,PR2,27,-18,32,-12,15
269850,,-5,150,PR2,28,-12,32,-13,15
265279,,-5,150,PR2,29,-9,32,-14,15
266803,,-5,150,PR2,30,-14,32,-15,15
331286,,-5,150,PR2,31,-12,32,-13,16
266811,,-5,150,PR2,32,-12,32,-14,15
267791,,-5,150,PR2,33,-13,32,-13,13
333379,,-5,150,PR2,34,-14,32,-13,17
335914,,-5,150,PR2,35,-15,32,-13,16
333855,,-5,150,PR2,36,-12,32,-13,17
330278,,-5,150,PR2,37,-15,32,-14,14
267830,,-5,150,PR2,40,-10,32,-11,14
332843,,-5,150,PR2,41,-12,32,-13,16
330782,,-5,150,PR2,42,-8,32,-15,16
334895,,-5,150,PR2,43,-11,32,-14,17
336422,,-5,150,PR2,44,-12,32,-14,16
332842,,-5,150,PR2,45,-11,32,-13,16
335911,,-5,150,PR2,46,-12,32,-13,18
332826,,-5,150,PR2,47,-10,32,-13,17
263714,,-5,150,PR2,48,-17,32,-14,14
331807,,-5,150,PR2,49,-10,32,-11,15
334374,,-5,150,PR2,51,-8,32,-13,16
267267,,-5,150,PR2,53,-14,32,-14,13
331842,,-5,150,PR2,54,-11,32,-14,16
335386,,-5,150,PR2,55,-9,32,-13,18
269863,,-5,150,PR2,56,-9,32,-13,14
268318,,-5,150,PR2,57,-9,32,-15,15
334886,,-5,150,PR2,58,-12,32,-12,15
330786,,-5,150,PR2,59,-8,32,-12,17
268838,,-5,150,PR2,60,-13,32,-14,16
333850,,-5,150,PR2,61,-11,32,-13,17
331786,,-5,150,PR2,63,-12,32,-12,15
332347,,-5,150,PR2,64,-13,32,-14,18
269350,,-5,150,PR2,65,-15,32,-14,12
266778,,-5,150,PR2,66,-11,32,-14,16
270894,,-5,150,PR2,67,-10,32,-13,14
267834,,-5,150,PR2,68,-9,32,-14,17
265743,,-5,150,PR2,69,-8,32,-14,14
334370,,-5,150,PR2,70,-13,32,-12,16
336431,,-5,150,PR2,71,-16,32,-10,16
329778,,-5,150,PR2,72,-9,32,-13,16
332358,,-5,150,PR2,73,-16,32,-14,15
336430,,-5,150,PR2,74,-8,32,-13,16
267279,,-5,150,PR2,75,-11,32,-12,15
334363,,-5,150,PR2,76,-16,32,-13,16
265771,,-5,150,PR2,77,-13,32,-12,15
334898,,-5,150,PR2,78,-6,32,-13,16
270378,,-5,150,PR2,79,-14,32,-14,15
335410,,-5,150,PR2,80,-13,32,-11,13
268342,,-5,150,PR2,82,-13,32,-13,16
270891,,-5,150,PR2,83,-13,32,-13,16
268847,,-5,150,PR2,84,-14,32,-12,14
335390,,-5,150,PR2,85,-10,32,-14,16
267290,,-5,150,PR2,87,-15,32,-12,14
262702,,-4,150,PR3,1,-16,16,-13,12
271406,,-4,150,PR3,2,-14,14,-12,11
266267,,-4,150,PR3,3,-12,12,-14,11
268350,,-4,150,PR3,4,-16,17,-14,13
269858,,-4,150,PR3,5,-11,10,-12,10
333866,,-4,150,PR3,6,-15,15,-13,12
270370,,-4,150,PR3,7,-10,9,-13,12
267302,,-4,150,PR3,8,-13,14,-13,12
332854,,-4,150,PR3,9,-15,15,-14,14
332322,,-4,150,PR3,10,-11,13,-13,14
332339,,-4,150,PR3,11,-14,12,-14,12
268306,,-4,150,PR3,12,-13,13,-13,12
334346,,-4,150,PR3,13,-18,17,-14,13
334367,,-4,150,PR3,14,-12,9,-14,12
266307,,-4,150,PR3,50,-14,13,-14,10
334390,,-4,150,PR3,15,-15,17,-15,11
264250,,-4,150,PR3,16,-13,14,-14,11
334399,,-4,150,PR3,17,-11,11,-13,9
329766,,-4,150,PR3,18,-11,10,-13,13
333875,,-4,150,PR3,19,-13,13,-12,13
330774,,-4,150,PR3,20,-13,12,-13,12
266806,,-4,150,PR3,21,-15,15,-15,12
332834,,-4,150,PR3,22,-14,14,-13,13
332858,,-4,150,PR3,24,-12,13,-14,12
267843,,-4,150,PR3,25,-17,17,-13,11
332343,,-4,150,PR3,26,-11,11,-13,13
333842,,-4,150,PR3,27,-17,17,-14,11
269850,,-4,150,PR3,28,-13,14,-14,11
265279,,-4,150,PR3,29,-13,12,-14,12
266803,,-4,150,PR3,30,-16,15,-13,12
331286,,-4,150,PR3,31,-13,14,-14,12
266811,,-4,150,PR3,32,-13,14,-13,12
267791,,-4,150,PR3,33,-16,14,-13,8
333379,,-4,150,PR3,34,-14,13,-13,13
335914,,-4,150,PR3,35,-16,16,-13,10
333855,,-4,150,PR3,36,-14,14,-12,13
330278,,-4,150,PR3,37,-16,15,-12,12
267830,,-4,150,PR3,40,-13,12,-13,13
332843,,-4,150,PR3,41,-16,14,-13,13
330782,,-4,150,PR3,42,-12,11,-14,13
334895,,-4,150,PR3,43,-11,11,-12,12
336422,,-4,150,PR3,44,-15,14,-14,12
332842,,-4,150,PR3,45,-11,13,-14,13
335911,,-4,150,PR3,46,-11,12,-13,13
332826,,-4,150,PR3,47,-13,13,-13,13
263714,,-4,150,PR3,48,-17,16,-15,13
331807,,-4,150,PR3,49,-12,13,-13,13
334374,,-4,150,PR3,51,-11,11,-13,11
267267,,-4,150,PR3,53,-14,14,-14,10
331842,,-4,150,PR3,54,-12,13,-14,12
335386,,-4,150,PR3,55,-12,11,-15,13
269863,,-4,150,PR3,56,-12,13,-13,12
268318,,-4,150,PR3,57,-11,12,-15,11
334886,,-4,150,PR3,58,-15,14,-14,11
330786,,-4,150,PR3,59,-11,10,-13,11
268838,,-4,150,PR3,60,-14,15,-14,11
333850,,-4,150,PR3,61,-14,14,-15,13
331786,,-4,150,PR3,63,-14,12,-15,11
332347,,-4,150,PR3,64,-14,14,-14,11
269350,,-4,150,PR3,65,-17,16,-14,11
266778,,-4,150,PR3,66,-12,14,-14,12
270894,,-4,150,PR3,67,-12,13,-15,12
267834,,-4,150,PR3,68,-10,11,-15,11
265743,,-4,150,PR3,69,-10,12,-14,10
334370,,-4,150,PR3,70,-14,14,-13,12
336431,,-4,150,PR3,71,-16,16,-13,11
329778,,-4,150,PR3,72,-10,12,-13,12
332358,,-4,150,PR3,73,-16,17,-14,11
336430,,-4,150,PR3,74,-13,12,-14,11
267279,,-4,150,PR3,75,-14,13,-14,12
334363,,-4,150,PR3,76,-14,16,-14,13
265771,,-4,150,PR3,77,-12,13,-14,10
334898,,-4,150,PR3,78,-11,10,-14,13
270378,,-4,150,PR3,79,-13,14,-14,13
335410,,-4,150,PR3,80,-12,14,-13,12
268342,,-4,150,PR3,82,-12,13,-13,12
270891,,-4,150,PR3,83,-13,14,-12,12
268847,,-4,150,PR3,84,-14,15,-13,11
335390,,-4,150,PR3,85,-13,14,-14,13
267290,,-4,150,PR3,87,-16,15,-13,11
262702,,-3,-40,FT1,1,-32,32,-23,5
271406,,-3,-40,FT1,2,-32,32,-22,7
266267,,-3,-40,FT1,3,-32,32,-22,9
268350,,-3,-40,FT1,4,-32,32,-22,7
269858,,-3,-40,FT1,5,-32,32,-22,8
333866,,-3,-40,FT1,6,-32,32,-24,9
270370,,-3,-40,FT1,7,-32,32,-23,8
267302,,-3,-40,FT1,8,-32,32,-21,9
332854,,-3,-40,FT1,9,-32,32,-23,9
332322,,-3,-40,FT1,10,-32,32,-21,10
332339,,-3,-40,FT1,11,-32,32,-22,7
268306,,-3,-40,FT1,12,-32,32,-21,8
334346,,-3,-40,FT1,13,-32,32,-23,7
334367,,-3,-40,FT1,14,-32,32,-23,9
266307,,-3,-40,FT1,50,-32,32,-21,7
334390,,-3,-40,FT1,15,-32,32,-21,8
264250,,-3,-40,FT1,16,-32,32,-23,8
334399,,-3,-40,FT1,17,-32,32,-23,8
329766,,-3,-40,FT1,18,-32,32,-24,7
333875,,-3,-40,FT1,19,-32,32,-26,8
330774,,-3,-40,FT1,20,-32,32,-24,10
266806,,-3,-40,FT1,21,-32,32,-25,8
332834,,-3,-40,FT1,22,-32,32,-26,9
332858,,-3,-40,FT1,24,-32,32,-21,7
267843,,-3,-40,FT1,25,-32,32,-22,8
332343,,-3,-40,FT1,26,-32,32,-23,8
333842,,-3,-40,FT1,27,-32,32,-25,8
269850,,-3,-40,FT1,28,-32,32,-25,7
265279,,-3,-40,FT1,29,-32,32,-25,9
266803,,-3,-40,FT1,30,-32,32,-25,9
331286,,-3,-40,FT1,31,-32,32,-26,8
266811,,-3,-40,FT1,32,-32,32,-23,8
267791,,-3,-40,FT1,33,-32,32,-25,8
333379,,-3,-40,FT1,34,-32,32,-24,7
335914,,-3,-40,FT1,35,-32,32,-24,7
333855,,-3,-40,FT1,36,-32,32,-26,9
330278,,-3,-40,FT1,37,-32,32,-21,9
267830,,-3,-40,FT1,40,-32,32,-23,8
332843,,-3,-40,FT1,41,-32,32,-27,9
330782,,-3,-40,FT1,42,-32,32,-20,8
334895,,-3,-40,FT1,43,-32,32,-25,11
336422,,-3,-40,FT1,44,-32,32,-26,9
332842,,-3,-40,FT1,45,-32,32,-24,9
335911,,-3,-40,FT1,46,-32,32,-27,10
332826,,-3,-40,FT1,47,-32,32,-23,11
263714,,-3,-40,FT1,48,-32,32,-24,8
331807,,-3,-40,FT1,49,-32,32,-20,9
334374,,-3,-40,FT1,51,-32,32,-25,9
267267,,-3,-40,FT1,53,-32,32,-23,6
331842,,-3,-40,FT1,54,-32,32,-24,8
335386,,-3,-40,FT1,55,-32,32,-26,9
269863,,-3,-40,FT1,56,-32,32,-23,8
268318,,-3,-40,FT1,57,-32,32,-24,8
334886,,-3,-40,FT1,58,-32,32,-23,7
330786,,-3,-40,FT1,59,-32,32,-20,9
268838,,-3,-40,FT1,60,-32,32,-24,8
333850,,-3,-40,FT1,61,-32,32,-24,8
331786,,-3,-40,FT1,63,-32,32,-27,8
332347,,-3,-40,FT1,64,-32,32,-24,7
269350,,-3,-40,FT1,65,-32,32,-22,6
266778,,-3,-40,FT1,66,-32,32,-20,8
270894,,-3,-40,FT1,67,-32,32,-26,8
267834,,-3,-40,FT1,68,-32,32,-23,8
265743,,-3,-40,FT1,69,-32,32,-25,8
334370,,-3,-40,FT1,70,-32,32,-23,9
336431,,-3,-40,FT1,71,-32,32,-23,9
329778,,-3,-40,FT1,72,-32,32,-22,8
332358,,-3,-40,FT1,73,-32,32,-21,6
336430,,-3,-40,FT1,74,-32,32,-28,9
267279,,-3,-40,FT1,75,-32,32,-22,9
334363,,-3,-40,FT1,76,-32,32,-23,8
265771,,-3,-40,FT1,77,-32,32,-23,9
334898,,-3,-40,FT1,78,-32,32,-24,9
270378,,-3,-40,FT1,79,-32,32,-22,6
335410,,-3,-40,FT1,80,-32,32,-23,8
268342,,-3,-40,FT1,82,-32,32,-21,6
270891,,-3,-40,FT1,83,-32,32,-24,9
268847,,-3,-40,FT1,84,-32,32,-20,7
335390,,-3,-40,FT1,85,-32,32,-23,9
267290,,-3,-40,FT1,87,-32,32,-18,7
262702,,-2,-40,FT1,1,-31,31,,9
271406,,-2,-40,FT1,2,-31,31,,10
266267,,-2,-40,FT1,3,-31,31,,11
268350,,-2,-40,FT1,4,-31,31,,11
269858,,-2,-40,FT1,5,-31,31,,10
333866,,-2,-40,FT1,6,-31,31,,11
270370,,-2,-40,FT1,7,-31,31,,12
267302,,-2,-40,FT1,8,-31,31,,12
332854,,-2,-40,FT1,9,-31,31,,13
332322,,-2,-40,FT1,10,-31,31,,13
332339,,-2,-40,FT1,11,-31,31,,10
268306,,-2,-40,FT1,12,-31,31,,10
334346,,-2,-40,FT1,13,-31,31,,10
334367,,-2,-40,FT1,14,-31,31,,13
266307,,-2,-40,FT1,50,-31,31,,9
334390,,-2,-40,FT1,15,-31,31,,12
264250,,-2,-40,FT1,16,-31,31,,12
334399,,-2,-40,FT1,17,-31,31,,12
329766,,-2,-40,FT1,18,-31,31,,10
333875,,-2,-40,FT1,19,-31,31,,12
330774,,-2,-40,FT1,20,-31,31,,13
266806,,-2,-40,FT1,21,-31,31,,12
332834,,-2,-40,FT1,22,-31,31,,14
332858,,-2,-40,FT1,24,-31,31,,11
267843,,-2,-40,FT1,25,-31,31,,11
332343,,-2,-40,FT1,26,-31,31,,10
333842,,-2,-40,FT1,27,-31,31,,9
269850,,-2,-40,FT1,28,-31,31,,11
265279,,-2,-40,FT1,29,-31,31,,13
266803,,-2,-40,FT1,30,-31,31,,11
331286,,-2,-40,FT1,31,-31,31,,13
266811,,-2,-40,FT1,32,-31,31,,11
267791,,-2,-40,FT1,33,-31,31,,11
333379,,-2,-40,FT1,34,-31,31,,12
335914,,-2,-40,FT1,35,-31,31,,12
333855,,-2,-40,FT1,36,-31,31,,12
330278,,-2,-40,FT1,37,-31,31,,13
267830,,-2,-40,FT1,40,-31,31,,12
332843,,-2,-40,FT1,41,-31,31,,13
330782,,-2,-40,FT1,42,-31,31,,14
334895,,-2,-40,FT1,43,-31,31,,14
336422,,-2,-40,FT1,44,-31,31,,13
332842,,-2,-40,FT1,45,-31,31,,13
335911,,-2,-40,FT1,46,-31,31,,13
332826,,-2,-40,FT1,47,-31,31,,13
263714,,-2,-40,FT1,48,-31,31,,11
331807,,-2,-40,FT1,49,-31,31,,14
334374,,-2,-40,FT1,51,-31,31,,12
267267,,-2,-40,FT1,53,-31,31,,8
331842,,-2,-40,FT1,54,-31,31,,8
335386,,-2,-40,FT1,55,-31,31,,13
269863,,-2,-40,FT1,56,-31,31,,12
268318,,-2,-40,FT1,57,-31,31,,12
334886,,-2,-40,FT1,58,-31,31,,10
330786,,-2,-40,FT1,59,-31,31,,12
268838,,-2,-40,FT1,60,-31,31,,11
333850,,-2,-40,FT1,61,-31,31,,12
331786,,-2,-40,FT1,63,-31,31,,11
332347,,-2,-40,FT1,64,-31,31,,13
269350,,-2,-40,FT1,65,-31,31,,10
266778,,-2,-40,FT1,66,-31,31,,11
270894,,-2,-40,FT1,67,-31,31,,12
267834,,-2,-40,FT1,68,-31,31,,11
265743,,-2,-40,FT1,69,-31,31,,11
334370,,-2,-40,FT1,70,-31,31,,12
336431,,-2,-40,FT1,71,-31,31,,12
329778,,-2,-40,FT1,72,-31,31,,10
332358,,-2,-40,FT1,73,-31,31,,9
336430,,-2,-40,FT1,74,-31,31,,13
267279,,-2,-40,FT1,75,-31,31,,12
334363,,-2,-40,FT1,76,-31,31,,13
265771,,-2,-40,FT1,77,-31,31,,10
334898,,-2,-40,FT1,78,-31,31,,12
270378,,-2,-40,FT1,79,-31,31,,9
335410,,-2,-40,FT1,80,-31,31,,11
268342,,-2,-40,FT1,82,-31,31,,12
270891,,-2,-40,FT1,83,-31,31,,13
268847,,-2,-40,FT1,84,-31,31,,10
335390,,-2,-40,FT1,85,-31,31,,13
267290,,-2,-40,FT1,87,-31,31,,11
262702,,-1,125,FT2,1,-20,21,,
271406,,-1,125,FT2,2,-17,21,,
266267,,-1,125,FT2,3,-19,21,,
268350,,-1,125,FT2,4,-19,20,,
269858,,-1,125,FT2,5,-19,19,,
333866,,-1,125,FT2,6,-20,21,,
270370,,-1,125,FT2,7,-19,20,,
267302,,-1,125,FT2,8,-20,21,,
332854,,-1,125,FT2,9,-20,20,,
332322,,-1,125,FT2,10,-18,19,,
332339,,-1,125,FT2,11,-19,21,,
268306,,-1,125,FT2,12,-18,18,,
334346,,-1,125,FT2,13,-19,19,,
334367,,-1,125,FT2,14,-20,22,,
266307,,-1,125,FT2,50,-19,19,,
334390,,-1,125,FT2,15,-19,21,,
264250,,-1,125,FT2,16,-20,20,,
334399,,-1,125,FT2,17,-19,20,,
329766,,-1,125,FT2,18,-20,19,,
333875,,-1,125,FT2,19,-19,20,,
330774,,-1,125,FT2,20,-19,19,,
266806,,-1,125,FT2,21,-20,20,,
332834,,-1,125,FT2,22,-18,19,,
332858,,-1,125,FT2,24,-20,20,,
267843,,-1,125,FT2,25,-19,19,,
332343,,-1,125,FT2,26,-19,20,,
333842,,-1,125,FT2,27,-19,19,,
269850,,-1,125,FT2,28,-19,19,,
265279,,-1,125,FT2,29,-19,20,,
266803,,-1,125,FT2,30,-19,20,,
331286,,-1,125,FT2,31,-17,17,,
266811,,-1,125,FT2,32,-18,17,,
267791,,-1,125,FT2,33,-19,20,,
333379,,-1,125,FT2,34,-19,19,,
335914,,-1,125,FT2,35,-19,20,,
333855,,-1,125,FT2,36,-18,19,,
330278,,-1,125,FT2,37,-19,21,,
267830,,-1,125,FT2,40,-18,20,,
332843,,-1,125,FT2,41,-20,20,,
330782,,-1,125,FT2,42,-20,21,,
334895,,-1,125,FT2,43,-19,19,,
336422,,-1,125,FT2,44,-19,20,,
332842,,-1,125,FT2,45,-19,20,,
335911,,-1,125,FT2,46,-18,19,,
332826,,-1,125,FT2,47,-19,21,,
263714,,-1,125,FT2,48,-18,20,,
331807,,-1,125,FT2,49,-19,20,,
334374,,-1,125,FT2,51,-18,19,,
267267,,-1,125,FT2,53,-19,19,,
331842,,-1,125,FT2,54,-19,19,,
335386,,-1,125,FT2,55,-18,19,,
269863,,-1,125,FT2,56,-19,21,,
268318,,-1,125,FT2,57,-18,21,,
334886,,-1,125,FT2,58,-20,21,,
330786,,-1,125,FT2,59,-19,20,,
268838,,-1,125,FT2,60,-19,20,,
333850,,-1,125,FT2,61,-19,21,,
331786,,-1,125,FT2,63,-20,20,,
332347,,-1,125,FT2,64,-20,20,,
269350,,-1,125,FT2,65,-17,18,,
266778,,-1,125,FT2,66,-19,20,,
270894,,-1,125,FT2,67,-16,16,,
267834,,-1,125,FT2,68,-19,20,,
265743,,-1,125,FT2,69,-19,20,,
334370,,-1,125,FT2,70,-18,19,,
336431,,-1,125,FT2,71,-19,21,,
329778,,-1,125,FT2,72,-19,20,,
332358,,-1,125,FT2,73,-19,19,,
336430,,-1,125,FT2,74,-19,21,,
267279,,-1,125,FT2,75,-19,20,,
334363,,-1,125,FT2,76,-19,20,,
265771,,-1,125,FT2,77,-18,18,,
334898,,-1,125,FT2,78,-21,21,,
270378,,-1,125,FT2,79,-18,19,,
335410,,-1,125,FT2,80,-18,19,,
268342,,-1,125,FT2,82,-19,20,,
270891,,-1,125,FT2,83,-19,19,,
268847,,-1,125,FT2,84,-18,19,,
335390,,-1,125,FT2,85,-19,19,,
267290,,-1,125,FT2,87,-16,16,,
262702,,0,35,INIT,,-31,31,,
271406,,0,35,INIT,,-31,31,,
266267,,0,35,INIT,,-31,31,,
268350,,0,35,INIT,,-31,31,,
269858,,0,35,INIT,,-31,31,,
333866,,0,35,INIT,,-31,31,,
270370,,0,35,INIT,,-31,31,,
267302,,0,35,INIT,,-31,31,,
332854,,0,35,INIT,,-31,31,,
332322,,0,35,INIT,,-31,31,,
332339,,0,35,INIT,,-31,31,,
268306,,0,35,INIT,,-31,31,,
334346,,0,35,INIT,,-31,31,,
334367,,0,35,INIT,,-31,31,,
266307,,0,35,INIT,,-31,31,,
334390,,0,35,INIT,,-31,31,,
264250,,0,35,INIT,,-31,31,,
334399,,0,35,INIT,,-31,31,,
329766,,0,35,INIT,,-31,31,,
333875,,0,35,INIT,,-31,31,,
330774,,0,35,INIT,,-31,31,,
266806,,0,35,INIT,,-31,31,,
332834,,0,35,INIT,,-31,31,,
332858,,0,35,INIT,,-31,31,,
267843,,0,35,INIT,,-31,31,,
332343,,0,35,INIT,,-31,31,,
333842,,0,35,INIT,,-31,31,,
269850,,0,35,INIT,,-31,31,,
265279,,0,35,INIT,,-31,31,,
266803,,0,35,INIT,,-31,31,,
331286,,0,35,INIT,,-31,31,,
266811,,0,35,INIT,,-31,31,,
267791,,0,35,INIT,,-31,31,,
333379,,0,35,INIT,,-31,31,,
335914,,0,35,INIT,,-31,31,,
333855,,0,35,INIT,,-31,31,,
330278,,0,35,INIT,,-31,31,,
267830,,0,35,INIT,,-31,31,,
332843,,0,35,INIT,,-31,31,,
330782,,0,35,INIT,,-31,31,,
334895,,0,35,INIT,,-31,31,,
336422,,0,35,INIT,,-31,31,,
332842,,0,35,INIT,,-31,31,,
335911,,0,35,INIT,,-31,31,,
332826,,0,35,INIT,,-31,31,,
263714,,0,35,INIT,,-31,31,,
331807,,0,35,INIT,,-31,31,,
334374,,0,35,INIT,,-31,31,,
267267,,0,35,INIT,,-31,31,,
331842,,0,35,INIT,,-31,31,,
335386,,0,35,INIT,,-31,31,,
269863,,0,35,INIT,,-31,31,,
268318,,0,35,INIT,,-31,31,,
334886,,0,35,INIT,,-31,31,,
330786,,0,35,INIT,,-31,31,,
268838,,0,35,INIT,,-31,31,,
333850,,0,35,INIT,,-31,31,,
331786,,0,35,INIT,,-31,31,,
332347,,0,35,INIT,,-31,31,,
269350,,0,35,INIT,,-31,31,,
266778,,0,35,INIT,,-31,31,,
270894,,0,35,INIT,,-31,31,,
267834,,0,35,INIT,,-31,31,,
265743,,0,35,INIT,,-31,31,,
334370,,0,35,INIT,,-31,31,,
336431,,0,35,INIT,,-31,31,,
329778,,0,35,INIT,,-31,31,,
332358,,0,35,INIT,,-31,31,,
336430,,0,35,INIT,,-31,31,,
267279,,0,35,INIT,,-31,31,,
334363,,0,35,INIT,,-31,31,,
265771,,0,35,INIT,,-31,31,,
334898,,0,35,INIT,,-31,31,,
270378,,0,35,INIT,,-31,31,,
335410,,0,35,INIT,,-31,31,,
268342,,0,35,INIT,,-31,31,,
270891,,0,35,INIT,,-31,31,,
268847,,0,35,INIT,,-31,31,,
335390,,0,35,INIT,,-31,31,,
267290,,0,35,INIT,,-31,31,,
262702,,1,35,RELIABILITY35,1,-31,31,,
271406,,1,35,RELIABILITY35,2,-31,31,,
266267,,1,35,RELIABILITY35,3,-31,31,,
268350,,1,35,RELIABILITY35,4,-31,31,,
269858,,1,35,RELIABILITY35,5,-31,31,,
333866,,1,35,RELIABILITY35,6,-31,31,,
270370,,1,35,RELIABILITY35,7,-31,31,,
267302,,1,35,RELIABILITY35,8,-31,31,,
332854,,1,35,RELIABILITY35,9,-31,31,,
332322,,1,35,RELIABILITY35,10,-31,31,,
332339,,1,35,RELIABILITY35,11,-31,31,,
268306,,1,35,RELIABILITY35,12,-31,31,,
334346,,1,35,RELIABILITY35,13,-31,31,,
334367,,1,35,RELIABILITY35,14,-31,31,,
266307,,1,35,RELIABILITY35,50,-31,31,,
334390,,1,35,RELIABILITY35,15,-31,31,,
264250,,1,35,RELIABILITY35,16,-31,31,,
334399,,1,35,RELIABILITY35,17,-31,31,,
329766,,1,35,RELIABILITY35,18,-31,31,,
333875,,1,35,RELIABILITY35,19,-31,31,,
330774,,1,35,RELIABILITY35,20,-31,31,,
266806,,1,35,RELIABILITY35,21,-31,31,,
332834,,1,35,RELIABILITY35,22,-31,31,,
332858,,1,35,RELIABILITY35,24,-31,31,,
267843,,1,35,RELIABILITY35,25,-31,31,,
332343,,1,35,RELIABILITY35,26,-31,31,,
333842,,1,35,RELIABILITY35,27,-31,31,,
269850,,1,35,RELIABILITY35,28,-31,31,,
265279,,1,35,RELIABILITY35,29,-31,31,,
266803,,1,35,RELIABILITY35,30,-31,31,,
331286,,1,35,RELIABILITY35,31,-31,31,,
266811,,1,35,RELIABILITY35,32,-31,31,,
267791,,1,35,RELIABILITY35,33,-31,31,,
333379,,1,35,RELIABILITY35,34,-31,31,,
335914,,1,35,RELIABILITY35,35,-31,31,,
333855,,1,35,RELIABILITY35,36,-31,31,,
330278,,1,35,RELIABILITY35,37,-31,31,,
267830,,1,35,RELIABILITY35,40,-31,31,,
332843,,1,35,RELIABILITY35,41,-31,31,,
330782,,1,35,RELIABILITY35,42,-31,31,,
334895,,1,35,RELIABILITY35,43,-31,31,,
336422,,1,35,RELIABILITY35,44,-31,31,,
332842,,1,35,RELIABILITY35,45,-31,31,,
335911,,1,35,RELIABILITY35,46,-31,31,,
332826,,1,35,RELIABILITY35,47,-31,31,,
263714,,1,35,RELIABILITY35,48,-31,31,,
331807,,1,35,RELIABILITY35,49,-31,31,,
334374,,1,35,RELIABILITY35,51,-31,31,,
267267,,1,35,RELIABILITY35,53,-31,31,,
331842,,1,35,RELIABILITY35,54,-31,31,,
335386,,1,35,RELIABILITY35,55,-31,31,,
269863,,1,35,RELIABILITY35,56,-31,31,,
268318,,1,35,RELIABILITY35,57,-31,31,,
334886,,1,35,RELIABILITY35,58,-31,31,,
330786,,1,35,RELIABILITY35,59,-31,31,,
268838,,1,35,RELIABILITY35,60,-31,31,,
333850,,1,35,RELIABILITY35,61,-31,31,,
331786,,1,35,RELIABILITY35,63,-31,31,,
332347,,1,35,RELIABILITY35,64,-31,31,,
269350,,1,35,RELIABILITY35,65,-31,31,,
266778,,1,35,RELIABILITY35,66,-31,31,,
270894,,1,35,RELIABILITY35,67,-31,31,,
267834,,1,35,RELIABILITY35,68,-31,31,,
265743,,1,35,RELIABILITY35,69,-31,31,,
334370,,1,35,RELIABILITY35,70,-31,31,,
336431,,1,35,RELIABILITY35,71,-31,31,,
329778,,1,35,RELIABILITY35,72,-31,31,,
332358,,1,35,RELIABILITY35,73,-31,31,,
336430,,1,35,RELIABILITY35,74,-31,31,,
267279,,1,35,RELIABILITY35,75,-31,31,,
334363,,1,35,RELIABILITY35,76,-31,31,,
265771,,1,35,RELIABILITY35,77,-31,31,,
334898,,1,35,RELIABILITY35,78,-31,31,,
270378,,1,35,RELIABILITY35,79,-31,31,,
335410,,1,35,RELIABILITY35,80,-31,31,,
268342,,1,35,RELIABILITY35,82,-31,31,,
270891,,1,35,RELIABILITY35,83,-31,31,,
268847,,1,35,RELIABILITY35,84,-31,31,,
335390,,1,35,RELIABILITY35,85,-31,31,,
267290,,1,35,RELIABILITY35,87,-31,31,,
262702,,2,150,RELIABILITY150,1,-31,31,,
271406,,2,150,RELIABILITY150,2,-31,31,,
266267,,2,150,RELIABILITY150,3,-31,31,,
268350,,2,150,RELIABILITY150,4,-31,31,,
269858,,2,150,RELIABILITY150,5,-31,31,,
333866,,2,150,RELIABILITY150,6,-31,31,,
270370,,2,150,RELIABILITY150,7,-31,31,,
267302,,2,150,RELIABILITY150,8,-31,31,,
332854,,2,150,RELIABILITY150,9,-31,31,,
332322,,2,150,RELIABILITY150,10,-31,31,,
332339,,2,150,RELIABILITY150,11,-31,31,,
268306,,2,150,RELIABILITY150,12,-31,31,,
334346,,2,150,RELIABILITY150,13,-31,31,,
334367,,2,150,RELIABILITY150,14,-31,31,,
266307,,2,150,RELIABILITY150,50,-31,31,,
334390,,2,150,RELIABILITY150,15,-31,31,,
264250,,2,150,RELIABILITY150,16,-31,31,,
334399,,2,150,RELIABILITY150,17,-31,31,,
329766,,2,150,RELIABILITY150,18,-31,31,,
333875,,2,150,RELIABILITY150,19,-31,31,,
330774,,2,150,RELIABILITY150,20,-31,31,,
266806,,2,150,RELIABILITY150,21,-31,31,,
332834,,2,150,RELIABILITY150,22,-31,31,,
332858,,2,150,RELIABILITY150,24,-31,31,,
267843,,2,150,RELIABILITY150,25,-31,31,,
332343,,2,150,RELIABILITY150,26,-31,31,,
333842,,2,150,RELIABILITY150,27,-31,31,,
269850,,2,150,RELIABILITY150,28,-31,31,,
265279,,2,150,RELIABILITY150,29,-31,31,,
266803,,2,150,RELIABILITY150,30,-31,31,,
331286,,2,150,RELIABILITY150,31,-31,31,,
266811,,2,150,RELIABILITY150,32,-31,31,,
267791,,2,150,RELIABILITY150,33,-31,31,,
333379,,2,150,RELIABILITY150,34,-31,31,,
335914,,2,150,RELIABILITY150,35,-31,31,,
333855,,2,150,RELIABILITY150,36,-31,31,,
330278,,2,150,RELIABILITY150,37,-31,31,,
267830,,2,150,RELIABILITY150,40,-31,31,,
332843,,2,150,RELIABILITY150,41,-31,31,,
330782,,2,150,RELIABILITY150,42,-31,31,,
334895,,2,150,RELIABILITY150,43,-31,31,,
336422,,2,150,RELIABILITY150,44,-31,31,,
332842,,2,150,RELIABILITY150,45,-31,31,,
335911,,2,150,RELIABILITY150,46,-31,31,,
332826,,2,150,RELIABILITY150,47,-31,31,,
263714,,2,150,RELIABILITY150,48,-31,31,,
331807,,2,150,RELIABILITY150,49,-31,31,,
334374,,2,150,RELIABILITY150,51,-31,31,,
267267,,2,150,RELIABILITY150,53,-31,31,,
331842,,2,150,RELIABILITY150,54,-31,31,,
335386,,2,150,RELIABILITY150,55,-31,31,,
269863,,2,150,RELIABILITY150,56,-31,31,,
268318,,2,150,RELIABILITY150,57,-31,31,,
334886,,2,150,RELIABILITY150,58,-31,31,,
330786,,2,150,RELIABILITY150,59,-31,31,,
268838,,2,150,RELIABILITY150,60,-31,31,,
333850,,2,150,RELIABILITY150,61,-31,31,,
331786,,2,150,RELIABILITY150,63,-31,31,,
332347,,2,150,RELIABILITY150,64,-31,31,,
269350,,2,150,RELIABILITY150,65,-31,31,,
266778,,2,150,RELIABILITY150,66,-31,31,,
270894,,2,150,RELIABILITY150,67,-31,31,,
267834,,2,150,RELIABILITY150,68,-31,31,,
265743,,2,150,RELIABILITY150,69,-31,31,,
334370,,2,150,RELIABILITY150,70,-31,31,,
336431,,2,150,RELIABILITY150,71,-31,31,,
329778,,2,150,RELIABILITY150,72,-31,31,,
332358,,2,150,RELIABILITY150,73,-31,31,,
336430,,2,150,RELIABILITY150,74,-31,31,,
267279,,2,150,RELIABILITY150,75,-31,31,,
334363,,2,150,RELIABILITY150,76,-31,31,,
265771,,2,150,RELIABILITY150,77,-31,31,,
334898,,2,150,RELIABILITY150,78,-31,31,,
270378,,2,150,RELIABILITY150,79,-31,31,,
335410,,2,150,RELIABILITY150,80,-31,31,,
268342,,2,150,RELIABILITY150,82,-31,31,,
270891,,2,150,RELIABILITY150,83,-31,31,,
268847,,2,150,RELIABILITY150,84,-31,31,,
335390,,2,150,RELIABILITY150,85,-31,31,,
267290,,2,150,RELIABILITY150,87,-31,31,,
262702,,3,-40,RELIABILITYm40,1,-31,31,,
271406,,3,-40,RELIABILITYm40,2,-31,31,,
266267,,3,-40,RELIABILITYm40,3,-31,31,,
268350,,3,-40,RELIABILITYm40,4,-31,31,,
269858,,3,-40,RELIABILITYm40,5,-31,31,,
333866,,3,-40,RELIABILITYm40,6,-31,31,,
270370,,3,-40,RELIABILITYm40,7,-31,31,,
267302,,3,-40,RELIABILITYm40,8,-31,31,,
332854,,3,-40,RELIABILITYm40,9,-31,31,,
332322,,3,-40,RELIABILITYm40,10,-31,31,,
332339,,3,-40,RELIABILITYm40,11,-31,31,,
268306,,3,-40,RELIABILITYm40,12,-31,31,,
334346,,3,-40,RELIABILITYm40,13,-31,31,,
334367,,3,-40,RELIABILITYm40,14,-31,31,,
266307,,3,-40,RELIABILITYm40,50,-31,31,,
334390,,3,-40,RELIABILITYm40,15,-31,31,,
264250,,3,-40,RELIABILITYm40,16,-31,31,,
334399,,3,-40,RELIABILITYm40,17,-31,31,,
329766,,3,-40,RELIABILITYm40,18,-31,31,,
333875,,3,-40,RELIABILITYm40,19,-31,31,,
330774,,3,-40,RELIABILITYm40,20,-31,31,,
266806,,3,-40,RELIABILITYm40,21,-31,31,,
332834,,3,-40,RELIABILITYm40,22,-31,31,,
332858,,3,-40,RELIABILITYm40,24,-31,31,,
267843,,3,-40,RELIABILITYm40,25,-31,31,,
332343,,3,-40,RELIABILITYm40,26,-31,31,,
333842,,3,-40,RELIABILITYm40,27,-31,31,,
269850,,3,-40,RELIABILITYm40,28,-31,31,,
265279,,3,-40,RELIABILITYm40,29,-31,31,,
266803,,3,-40,RELIABILITYm40,30,-31,31,,
331286,,3,-40,RELIABILITYm40,31,-31,31,,
266811,,3,-40,RELIABILITYm40,32,-31,31,,
267791,,3,-40,RELIABILITYm40,33,-31,31,,
333379,,3,-40,RELIABILITYm40,34,-31,31,,
335914,,3,-40,RELIABILITYm40,35,-31,31,,
333855,,3,-40,RELIABILITYm40,36,-31,31,,
330278,,3,-40,RELIABILITYm40,37,-31,31,,
267830,,3,-40,RELIABILITYm40,40,-31,31,,
332843,,3,-40,RELIABILITYm40,41,-31,31,,
330782,,3,-40,RELIABILITYm40,42,-31,31,,
334895,,3,-40,RELIABILITYm40,43,-31,31,,
336422,,3,-40,RELIABILITYm40,44,-31,31,,
332842,,3,-40,RELIABILITYm40,45,-31,31,,
335911,,3,-40,RELIABILITYm40,46,-31,31,,
332826,,3,-40,RELIABILITYm40,47,-31,31,,
263714,,3,-40,RELIABILITYm40,48,-31,31,,
331807,,3,-40,RELIABILITYm40,49,-31,31,,
334374,,3,-40,RELIABILITYm40,,-31,31,,
267267,,3,-40,RELIABILITYm40,53,-31,31,,
331842,,3,-40,RELIABILITYm40,54,-31,31,,
335386,,3,-40,RELIABILITYm40,55,-31,31,,
269863,,3,-40,RELIABILITYm40,,-31,31,,
268318,,3,-40,RELIABILITYm40,57,-31,31,,
334886,,3,-40,RELIABILITYm40,58,-31,31,,
330786,,3,-40,RELIABILITYm40,59,-31,31,,
268838,,3,-40,RELIABILITYm40,60,-31,31,,
333850,,3,-40,RELIABILITYm40,61,-31,31,,
331786,,3,-40,RELIABILITYm40,63,-31,31,,
332347,,3,-40,RELIABILITYm40,64,-31,31,,
269350,,3,-40,RELIABILITYm40,65,-31,31,,
266778,,3,-40,RELIABILITYm40,66,-31,31,,
270894,,3,-40,RELIABILITYm40,67,-31,31,,
267834,,3,-40,RELIABILITYm40,68,-31,31,,
265743,,3,-40,RELIABILITYm40,69,-31,31,,
334370,,3,-40,RELIABILITYm40,70,-31,31,,
336431,,3,-40,RELIABILITYm40,71,-31,31,,
329778,,3,-40,RELIABILITYm40,72,-31,31,,
332358,,3,-40,RELIABILITYm40,73,-31,31,,
336430,,3,-40,RELIABILITYm40,74,-31,31,,
267279,,3,-40,RELIABILITYm40,75,-31,31,,
334363,,3,-40,RELIABILITYm40,76,-31,31,,
265771,,3,-40,RELIABILITYm40,77,-31,31,,
334898,,3,-40,RELIABILITYm40,78,-31,31,,
270378,,3,-40,RELIABILITYm40,79,-31,31,,
335410,,3,-40,RELIABILITYm40,80,-31,31,,
268342,,3,-40,RELIABILITYm40,82,-31,31,,
270891,,3,-40,RELIABILITYm40,83,-31,31,,
268847,,3,-40,RELIABILITYm40,84,-31,31,,
335390,,3,-40,RELIABILITYm40,85,-31,31,,
267290,,3,-40,RELIABILITYm40,87,-31,31,,
262702,,4,35,AFTER_SOLDER,1,-14,18,,
271406,,4,35,AFTER_SOLDER,2,-14,13,,
266267,,4,35,AFTER_SOLDER,3,-15,15,,
268350,,4,35,AFTER_SOLDER,4,-15,16,,
269858,,4,35,AFTER_SOLDER,5,-15,13,,
333866,,4,35,AFTER_SOLDER,6,-17,17,,
270370,,4,35,AFTER_SOLDER,7,-13,14,,
267302,,4,35,AFTER_SOLDER,8,-15,19,,
332854,,4,35,AFTER_SOLDER,9,-16,14,,
332322,,4,35,AFTER_SOLDER,10,-15,15,,
332339,,4,35,AFTER_SOLDER,11,-12,16,,
268306,,4,35,AFTER_SOLDER,12,-15,15,,
334346,,4,35,AFTER_SOLDER,13,-17,13,,
334367,,4,35,AFTER_SOLDER,14,-13,15,,
266307,,4,35,AFTER_SOLDER,50,-14,14,,
334390,,4,35,AFTER_SOLDER,15,-12,14,,
264250,,4,35,AFTER_SOLDER,16,-14,15,,
334399,,4,35,AFTER_SOLDER,17,-12,17,,
329766,,4,35,AFTER_SOLDER,18,-13,13,,
333875,,4,35,AFTER_SOLDER,19,-13,15,,
330774,,4,35,AFTER_SOLDER,20,-15,15,,
266806,,4,35,AFTER_SOLDER,21,-15,14,,
332834,,4,35,AFTER_SOLDER,22,-15,13,,
332858,,4,35,AFTER_SOLDER,24,-15,15,,
267843,,4,35,AFTER_SOLDER,25,-16,12,,
332343,,4,35,AFTER_SOLDER,26,-14,15,,
333842,,4,35,AFTER_SOLDER,27,-15,14,,
269850,,4,35,AFTER_SOLDER,28,-15,15,,
265279,,4,35,AFTER_SOLDER,29,-13,14,,
266803,,4,35,AFTER_SOLDER,30,-15,14,,
331286,,4,35,AFTER_SOLDER,31,-14,14,,
266811,,4,35,AFTER_SOLDER,32,-14,17,,
267791,,4,35,AFTER_SOLDER,33,-14,17,,
333379,,4,35,AFTER_SOLDER,34,-15,16,,
335914,,4,35,AFTER_SOLDER,35,-15,14,,
333855,,4,35,AFTER_SOLDER,36,-16,15,,
330278,,4,35,AFTER_SOLDER,37,-14,15,,
267830,,4,35,AFTER_SOLDER,40,-15,18,,
332843,,4,35,AFTER_SOLDER,41,-15,16,,
330782,,4,35,AFTER_SOLDER,42,-14,12,,
334895,,4,35,AFTER_SOLDER,43,-16,15,,
336422,,4,35,AFTER_SOLDER,44,-14,16,,
332842,,4,35,AFTER_SOLDER,45,-15,18,,
335911,,4,35,AFTER_SOLDER,46,-13,17,,
332826,,4,35,AFTER_SOLDER,47,-13,16,,
263714,,4,35,AFTER_SOLDER,48,-13,14,,
331807,,4,35,AFTER_SOLDER,49,-15,18,,
334374,,4,35,AFTER_SOLDER,51,-14,13,,
267267,,4,35,AFTER_SOLDER,53,-19,17,,
331842,,4,35,AFTER_SOLDER,54,-13,13,,
335386,,4,35,AFTER_SOLDER,55,-16,13,,
269863,,4,35,AFTER_SOLDER,56,-15,13,,
268318,,4,35,AFTER_SOLDER,57,-17,17,,
334886,,4,35,AFTER_SOLDER,58,-15,15,,
330786,,4,35,AFTER_SOLDER,59,-15,15,,
268838,,4,35,AFTER_SOLDER,60,-15,15,,
333850,,4,35,AFTER_SOLDER,61,-14,17,,
331786,,4,35,AFTER_SOLDER,63,-15,21,,
332347,,4,35,AFTER_SOLDER,64,-12,13,,
269350,,4,35,AFTER_SOLDER,65,-14,13,,
266778,,4,35,AFTER_SOLDER,66,-16,13,,
270894,,4,35,AFTER_SOLDER,67,-14,16,,
267834,,4,35,AFTER_SOLDER,68,-13,13,,
265743,,4,35,AFTER_SOLDER,69,-16,19,,
334370,,4,35,AFTER_SOLDER,70,-15,14,,
336431,,4,35,AFTER_SOLDER,71,-15,16,,
329778,,4,35,AFTER_SOLDER,72,-15,15,,
332358,,4,35,AFTER_SOLDER,73,-15,14,,
336430,,4,35,AFTER_SOLDER,74,-14,14,,
267279,,4,35,AFTER_SOLDER,75,-14,14,,
334363,,4,35,AFTER_SOLDER,76,-15,15,,
265771,,4,35,AFTER_SOLDER,77,-14,14,,
334898,,4,35,AFTER_SOLDER,78,-15,13,,
270378,,4,35,AFTER_SOLDER,79,-17,14,,
335410,,4,35,AFTER_SOLDER,80,-14,14,,
268342,,4,35,AFTER_SOLDER,82,-13,14,,
270891,,4,35,AFTER_SOLDER,83,-15,14,,
268847,,4,35,AFTER_SOLDER,84,-15,17,,
335390,,4,35,AFTER_SOLDER,85,-16,16,,
267290,,4,35,AFTER_SOLDER,87,-13,15,,
262702,,5,85,FL_ENDURANCE85,1,-14,17,-30,17
271406,,5,85,FL_ENDURANCE85,2,-13,14,-31,19
266267,,5,85,FL_ENDURANCE85,3,-14,15,-26,14
268350,,5,85,FL_ENDURANCE85,4,-14,16,-31,19
269858,,5,85,FL_ENDURANCE85,5,-14,13,-27,14
333866,,5,85,FL_ENDURANCE85,6,-16,14,-29,15
270370,,5,85,FL_ENDURANCE85,7,-13,15,-26,12
267302,,5,85,FL_ENDURANCE85,,-14,17,-28,16
332854,,5,85,FL_ENDURANCE85,9,-14,14,-31,19
332322,,5,85,FL_ENDURANCE85,10,-14,15,-28,16
332339,,5,85,FL_ENDURANCE85,11,-12,15,-29,17
268306,,5,85,FL_ENDURANCE85,12,-14,15,-28,16
334346,,5,85,FL_ENDURANCE85,13,-15,14,-33,22
334367,,5,85,FL_ENDURANCE85,14,-14,15,-30,17
266307,,5,85,FL_ENDURANCE85,50,-14,14,-28,14
334390,,5,85,FL_ENDURANCE85,15,-12,13,-32,19
264250,,5,85,FL_ENDURANCE85,16,-13,15,-31,19
334399,,5,85,FL_ENDURANCE85,17,-12,15,-27,14
329766,,5,85,FL_ENDURANCE85,18,-14,13,-27,12
333875,,5,85,FL_ENDURANCE85,19,-13,16,-29,16
330774,,5,85,FL_ENDURANCE85,20,-14,14,-31,18
266806,,5,85,FL_ENDURANCE85,21,-13,15,-31,18
332834,,5,85,FL_ENDURANCE85,22,-13,14,-31,20
332858,,5,85,FL_ENDURANCE85,24,-14,14,-28,15
267843,,5,85,FL_ENDURANCE85,25,-15,12,-31,19
332343,,5,85,FL_ENDURANCE85,26,-13,15,-26,13
333842,,5,85,FL_ENDURANCE85,27,-14,15,-34,18
269850,,5,85,FL_ENDURANCE85,28,-14,15,-30,15
265279,,5,85,FL_ENDURANCE85,29,-13,14,-30,15
266803,,5,85,FL_ENDURANCE85,30,-14,13,-28,17
331286,,5,85,FL_ENDURANCE85,31,-14,15,-27,15
266811,,5,85,FL_ENDURANCE85,32,-14,15,-30,15
267791,,5,85,FL_ENDURANCE85,33,-14,16,-28,15
333379,,5,85,FL_ENDURANCE85,34,-14,15,-31,19
335914,,5,85,FL_ENDURANCE85,35,-14,13,-31,17
333855,,5,85,FL_ENDURANCE85,36,-14,15,-29,15
330278,,5,85,FL_ENDURANCE85,37,-13,14,-27,17
267830,,5,85,FL_ENDURANCE85,40,-15,17,-28,16
332843,,5,85,FL_ENDURANCE85,41,-14,17,-31,18
330782,,5,85,FL_ENDURANCE85,42,-13,12,-30,15
334895,,5,85,FL_ENDURANCE85,43,-16,16,-31,19
336422,,5,85,FL_ENDURANCE85,44,-14,15,-30,17
332842,,5,85,FL_ENDURANCE85,45,-14,16,-29,17
335911,,5,85,FL_ENDURANCE85,46,-13,15,-31,17
332826,,5,85,FL_ENDURANCE85,47,-14,16,-29,17
263714,,5,85,FL_ENDURANCE85,48,-13,14,-34,21
331807,,5,85,FL_ENDURANCE85,49,-14,15,-28,17
334374,,5,85,FL_ENDURANCE85,51,-13,13,-26,15
267267,,5,85,FL_ENDURANCE85,53,-17,15,-30,16
331842,,5,85,FL_ENDURANCE85,54,-14,13,-32,17
335386,,5,85,FL_ENDURANCE85,55,-15,14,-29,15
269863,,5,85,FL_ENDURANCE85,56,-15,13,-27,15
268318,,5,85,FL_ENDURANCE85,57,-14,15,-26,14
334886,,5,85,FL_ENDURANCE85,58,-13,15,-30,16
330786,,5,85,FL_ENDURANCE85,59,-14,14,-25,13
268838,,5,85,FL_ENDURANCE85,60,-15,16,-27,15
333850,,5,85,FL_ENDURANCE85,61,-13,16,-29,17
331786,,5,85,FL_ENDURANCE85,63,-14,18,-30,17
332347,,5,85,FL_ENDURANCE85,64,-13,13,-31,20
269350,,5,85,FL_ENDURANCE85,65,-14,14,-30,16
266778,,5,85,FL_ENDURANCE85,66,-15,13,-29,17
270894,,5,85,FL_ENDURANCE85,67,-13,15,-32,16
267834,,5,85,FL_ENDURANCE85,68,-12,15,-29,14
265743,,5,85,FL_ENDURANCE85,69,-15,17,-30,15
334370,,5,85,FL_ENDURANCE85,70,-15,14,-28,16
336431,,5,85,FL_ENDURANCE85,71,-13,15,-32,19
329778,,5,85,FL_ENDURANCE85,72,-15,15,-28,15
332358,,5,85,FL_ENDURANCE85,73,-15,15,-29,17
336430,,5,85,FL_ENDURANCE85,74,-13,15,-30,14
267279,,5,85,FL_ENDURANCE85,75,-14,15,-28,16
334363,,5,85,FL_ENDURANCE85,76,-14,14,-32,20
265771,,5,85,FL_ENDURANCE85,77,-13,16,-30,17
334898,,5,85,FL_ENDURANCE85,78,-14,14,-29,16
270378,,5,85,FL_ENDURANCE85,79,-14,14,-31,17
335410,,5,85,FL_ENDURANCE85,80,-14,16,-30,15
268342,,5,85,FL_ENDURANCE85,82,-13,14,-30,18
270891,,5,85,FL_ENDURANCE85,83,-14,14,-30,18
268847,,5,85,FL_ENDURANCE85,84,-14,16,-26,15
335390,,5,85,FL_ENDURANCE85,85,-15,16,-29,17
267290,,5,85,FL_ENDURANCE85,87,-13,16,-28,18
262702,,6,85,FL_ENDURANCE85_1,1,,,-30,11
271406,,6,85,FL_ENDURANCE85_1,2,,,-31,12
266267,,6,85,FL_ENDURANCE85_1,3,,,-26,7
268350,,6,85,FL_ENDURANCE85_1,4,,,-31,12
269858,,6,85,FL_ENDURANCE85_1,5,,,-27,7
333866,,6,85,FL_ENDURANCE85_1,6,,,-29,9
270370,,6,85,FL_ENDURANCE85_1,7,,,-26,7
267302,,6,85,FL_ENDURANCE85_1,,,,-28,10
332854,,6,85,FL_ENDURANCE85_1,9,,,-30,11
332322,,6,85,FL_ENDURANCE85_1,10,,,-27,9
332339,,6,85,FL_ENDURANCE85_1,11,,,-29,11
268306,,6,85,FL_ENDURANCE85_1,12,,,-27,9
334346,,6,85,FL_ENDURANCE85_1,13,,,-33,14
334367,,6,85,FL_ENDURANCE85_1,14,,,-29,10
266307,,6,85,FL_ENDURANCE85_1,50,,,-28,8
334390,,6,85,FL_ENDURANCE85_1,15,,,-33,12
264250,,6,85,FL_ENDURANCE85_1,16,,,-31,11
334399,,6,85,FL_ENDURANCE85_1,17,,,-26,8
329766,,6,85,FL_ENDURANCE85_1,18,,,-26,6
333875,,6,85,FL_ENDURANCE85_1,19,,,-29,10
330774,,6,85,FL_ENDURANCE85_1,20,,,-31,10
266806,,6,85,FL_ENDURANCE85_1,21,,,-31,10
332834,,6,85,FL_ENDURANCE85_1,22,,,-30,13
332858,,6,85,FL_ENDURANCE85_1,24,,,-27,9
267843,,6,85,FL_ENDURANCE85_1,25,,,-30,12
332343,,6,85,FL_ENDURANCE85_1,26,,,-26,9
333842,,6,85,FL_ENDURANCE85_1,27,,,-34,12
269850,,6,85,FL_ENDURANCE85_1,28,,,-30,9
265279,,6,85,FL_ENDURANCE85_1,29,,,-29,10
266803,,6,85,FL_ENDURANCE85_1,30,,,-28,9
331286,,6,85,FL_ENDURANCE85_1,31,,,-27,6
266811,,6,85,FL_ENDURANCE85_1,32,,,-30,9
267791,,6,85,FL_ENDURANCE85_1,33,,,-28,6
333379,,6,85,FL_ENDURANCE85_1,34,,,-31,11
335914,,6,85,FL_ENDURANCE85_1,35,,,-30,8
333855,,6,85,FL_ENDURANCE85_1,36,,,-28,9
330278,,6,85,FL_ENDURANCE85_1,37,,,-26,10
267830,,6,85,FL_ENDURANCE85_1,40,,,-28,10
332843,,6,85,FL_ENDURANCE85_1,41,,,-30,11
330782,,6,85,FL_ENDURANCE85_1,42,,,-29,10
334895,,6,85,FL_ENDURANCE85_1,43,,,-31,11
336422,,6,85,FL_ENDURANCE85_1,44,,,-30,10
332842,,6,85,FL_ENDURANCE85_1,45,,,-29,10
335911,,6,85,FL_ENDURANCE85_1,46,,,-31,10
332826,,6,85,FL_ENDURANCE85_1,47,,,-28,10
263714,,6,85,FL_ENDURANCE85_1,48,,,-34,14
331807,,6,85,FL_ENDURANCE85_1,49,,,-28,10
334374,,6,85,FL_ENDURANCE85_1,51,,,-26,7
267267,,6,85,FL_ENDURANCE85_1,53,,,-29,9
331842,,6,85,FL_ENDURANCE85_1,54,,,-32,10
335386,,6,85,FL_ENDURANCE85_1,55,,,-29,8
269863,,6,85,FL_ENDURANCE85_1,56,,,-27,9
268318,,6,85,FL_ENDURANCE85_1,57,,,-26,7
334886,,6,85,FL_ENDURANCE85_1,58,,,-29,9
330786,,6,85,FL_ENDURANCE85_1,59,,,-25,8
268838,,6,85,FL_ENDURANCE85_1,60,,,-26,9
333850,,6,85,FL_ENDURANCE85_1,61,,,-29,9
331786,,6,85,FL_ENDURANCE85_1,63,,,-30,8
332347,,6,85,FL_ENDURANCE85_1,64,,,-31,12
269350,,6,85,FL_ENDURANCE85_1,65,,,-30,10
266778,,6,85,FL_ENDURANCE85_1,66,,,-28,11
270894,,6,85,FL_ENDURANCE85_1,67,,,-31,9
267834,,6,85,FL_ENDURANCE85_1,68,,,-28,7
265743,,6,85,FL_ENDURANCE85_1,69,,,-29,8
334370,,6,85,FL_ENDURANCE85_1,70,,,-28,8
336431,,6,85,FL_ENDURANCE85_1,71,,,-31,11
329778,,6,85,FL_ENDURANCE85_1,72,,,-28,9
332358,,6,85,FL_ENDURANCE85_1,73,,,-29,10
336430,,6,85,FL_ENDURANCE85_1,74,,,-30,9
267279,,6,85,FL_ENDURANCE85_1,75,,,-27,8
334363,,6,85,FL_ENDURANCE85_1,76,,,-32,12
265771,,6,85,FL_ENDURANCE85_1,77,,,-30,10
334898,,6,85,FL_ENDURANCE85_1,78,,,-28,9
270378,,6,85,FL_ENDURANCE85_1,79,,,-30,11
335410,,6,85,FL_ENDURANCE85_1,80,,,-29,10
268342,,6,85,FL_ENDURANCE85_1,82,,,-30,11
270891,,6,85,FL_ENDURANCE85_1,83,,,-30,12
268847,,6,85,FL_ENDURANCE85_1,84,,,-26,9
335390,,6,85,FL_ENDURANCE85_1,85,,,-29,11
267290,,6,85,FL_ENDURANCE85_1,87,,,-27,10
262702,,7,35,AFTER_FL_EDR,1,-14,18,-32,12
271406,,7,35,AFTER_FL_EDR,2,-14,13,-33,14
266267,,7,35,AFTER_FL_EDR,3,-15,15,-30,9
268350,,7,35,AFTER_FL_EDR,4,-15,16,-34,14
269858,,7,35,AFTER_FL_EDR,5,-15,13,-31,9
333866,,7,35,AFTER_FL_EDR,6,-18,17,-33,11
270370,,7,35,AFTER_FL_EDR,7,-13,14,-30,9
267302,,7,35,AFTER_FL_EDR,8,-15,19,-32,12
332854,,7,35,AFTER_FL_EDR,9,-16,14,-35,13
332322,,7,35,AFTER_FL_EDR,10,-15,15,-31,10
332339,,7,35,AFTER_FL_EDR,11,-13,16,-33,13
268306,,7,35,AFTER_FL_EDR,12,-15,15,-32,10
334346,,7,35,AFTER_FL_EDR,13,-17,13,-35,14
334367,,7,35,AFTER_FL_EDR,14,-14,15,-33,11
266307,,7,35,AFTER_FL_EDR,50,-14,14,-32,10
334390,,7,35,AFTER_FL_EDR,15,-12,14,-36,14
264250,,7,35,AFTER_FL_EDR,16,-14,15,-34,11
334399,,7,35,AFTER_FL_EDR,17,-12,17,-31,9
329766,,7,35,AFTER_FL_EDR,18,-13,13,-32,8
333875,,7,35,AFTER_FL_EDR,19,-13,15,-34,11
330774,,7,35,AFTER_FL_EDR,20,-15,15,-35,12
266806,,7,35,AFTER_FL_EDR,21,-15,13,-35,12
332834,,7,35,AFTER_FL_EDR,22,-15,13,-35,15
332858,,7,35,AFTER_FL_EDR,24,-15,15,-32,11
267843,,7,35,AFTER_FL_EDR,25,-16,12,-33,12
332343,,7,35,AFTER_FL_EDR,26,-15,15,-31,11
333842,,7,35,AFTER_FL_EDR,27,-15,14,-37,12
269850,,7,35,AFTER_FL_EDR,28,-15,15,-34,10
265279,,7,35,AFTER_FL_EDR,29,-13,14,-34,11
266803,,7,35,AFTER_FL_EDR,30,-15,14,-32,11
331286,,7,35,AFTER_FL_EDR,31,-14,14,-32,10
266811,,7,35,AFTER_FL_EDR,32,-14,17,-34,11
267791,,7,35,AFTER_FL_EDR,33,-14,17,-32,7
333379,,7,35,AFTER_FL_EDR,34,-15,16,-34,12
335914,,7,35,AFTER_FL_EDR,35,-15,13,-34,10
333855,,7,35,AFTER_FL_EDR,36,-16,15,-33,12
330278,,7,35,AFTER_FL_EDR,37,-14,15,-30,11
267830,,7,35,AFTER_FL_EDR,40,-15,18,-31,11
332843,,7,35,AFTER_FL_EDR,41,-15,16,-35,13
330782,,7,35,AFTER_FL_EDR,42,-14,12,-33,13
334895,,7,35,AFTER_FL_EDR,43,-16,15,-34,13
336422,,7,35,AFTER_FL_EDR,44,-14,16,-34,12
332842,,7,35,AFTER_FL_EDR,45,-15,18,-34,11
335911,,7,35,AFTER_FL_EDR,46,-13,16,-35,12
332826,,7,35,AFTER_FL_EDR,47,-13,16,-33,12
263714,,7,35,AFTER_FL_EDR,48,-13,14,-37,15
331807,,7,35,AFTER_FL_EDR,49,-15,18,-33,12
334374,,7,35,AFTER_FL_EDR,51,-14,13,-31,11
267267,,7,35,AFTER_FL_EDR,53,-19,18,-33,10
331842,,7,35,AFTER_FL_EDR,54,-13,13,-35,10
335386,,7,35,AFTER_FL_EDR,55,-16,13,-34,11
269863,,7,35,AFTER_FL_EDR,56,-15,13,-31,10
268318,,7,35,AFTER_FL_EDR,57,-16,17,-31,9
334886,,7,35,AFTER_FL_EDR,58,-15,15,-33,10
330786,,7,35,AFTER_FL_EDR,59,-15,15,-30,9
268838,,7,35,AFTER_FL_EDR,60,-15,15,-31,10
333850,,7,35,AFTER_FL_EDR,61,-14,17,-34,11
331786,,7,35,AFTER_FL_EDR,63,-15,21,-35,10
332347,,7,35,AFTER_FL_EDR,64,-12,12,-35,14
269350,,7,35,AFTER_FL_EDR,65,-14,13,-33,12
266778,,7,35,AFTER_FL_EDR,66,-16,13,-32,12
270894,,7,35,AFTER_FL_EDR,67,-14,16,-36,11
267834,,7,35,AFTER_FL_EDR,68,-13,13,-33,9
265743,,7,35,AFTER_FL_EDR,69,-16,19,-33,10
334370,,7,35,AFTER_FL_EDR,70,-15,14,-33,12
336431,,7,35,AFTER_FL_EDR,71,-14,16,-35,12
329778,,7,35,AFTER_FL_EDR,72,-15,15,-31,10
332358,,7,35,AFTER_FL_EDR,73,-15,14,-32,11
336430,,7,35,AFTER_FL_EDR,74,-14,14,-35,13
267279,,7,35,AFTER_FL_EDR,75,-14,14,-32,11
334363,,7,35,AFTER_FL_EDR,76,-15,15,-36,12
265771,,7,35,AFTER_FL_EDR,77,-14,15,-34,11
334898,,7,35,AFTER_FL_EDR,78,-15,13,-32,10
270378,,7,35,AFTER_FL_EDR,79,-16,14,-34,14
335410,,7,35,AFTER_FL_EDR,80,-14,15,-34,12
268342,,7,35,AFTER_FL_EDR,82,-13,14,-33,12
270891,,7,35,AFTER_FL_EDR,83,-15,14,-34,14
268847,,7,35,AFTER_FL_EDR,84,-15,17,-30,9
335390,,7,35,AFTER_FL_EDR,85,-16,16,-33,13
267290,,7,35,AFTER_FL_EDR,87,-13,15,-30,13
262702,,8,35,PRG_HTOL,1,-13,17,-35,13
271406,,8,35,PRG_HTOL,2,-13,12,-35,14
266267,,8,35,PRG_HTOL,3,-14,14,-33,13
268350,,8,35,PRG_HTOL,4,-14,15,-37,18
269858,,8,35,PRG_HTOL,5,-15,13,-33,13
333866,,8,35,PRG_HTOL,6,-16,16,-35,15
270370,,8,35,PRG_HTOL,7,-12,13,-32,13
267302,,8,35,PRG_HTOL,8,-14,18,-34,16
332854,,8,35,PRG_HTOL,9,-15,13,-38,19
332322,,8,35,PRG_HTOL,10,-14,14,-34,15
332339,,8,35,PRG_HTOL,11,-12,15,-36,16
268306,,8,35,PRG_HTOL,12,-14,14,-34,13
334346,,8,35,PRG_HTOL,13,-16,12,-38,19
334367,,8,35,PRG_HTOL,14,-12,14,-36,14
266307,,8,35,PRG_HTOL,50,-13,13,-34,14
334390,,8,35,PRG_HTOL,15,-11,13,-39,19
264250,,8,35,PRG_HTOL,16,-13,14,-37,16
334399,,8,35,PRG_HTOL,17,-11,16,-32,14
329766,,8,35,PRG_HTOL,18,-13,12,-34,10
333875,,8,35,PRG_HTOL,19,-11,13,-36,15
330774,,8,35,PRG_HTOL,20,-14,14,-38,16
266806,,8,35,PRG_HTOL,21,-15,13,-37,15
332834,,8,35,PRG_HTOL,22,-14,12,-38,18
332858,,8,35,PRG_HTOL,24,-14,14,-34,15
267843,,8,35,PRG_HTOL,25,-15,11,-37,16
332343,,8,35,PRG_HTOL,26,-13,14,-32,13
333842,,8,35,PRG_HTOL,27,-14,14,-39,17
269850,,8,35,PRG_HTOL,28,-15,14,-36,16
265279,,8,35,PRG_HTOL,29,-12,13,-36,15
266803,,8,35,PRG_HTOL,30,-14,13,-35,16
331286,,8,35,PRG_HTOL,31,-13,13,-35,15
266811,,8,35,PRG_HTOL,32,-13,16,-36,13
267791,,8,35,PRG_HTOL,33,-13,16,-35,14
333379,,8,35,PRG_HTOL,34,-14,15,-37,17
335914,,8,35,PRG_HTOL,35,-14,13,-38,14
333855,,8,35,PRG_HTOL,36,-15,14,-35,14
330278,,8,35,PRG_HTOL,37,-13,14,-33,15
267830,,8,35,PRG_HTOL,40,-14,17,-34,14
332843,,8,35,PRG_HTOL,41,-14,15,-38,17
330782,,8,35,PRG_HTOL,42,-13,11,-35,16
334895,,8,35,PRG_HTOL,43,-15,14,-37,16
336422,,8,35,PRG_HTOL,44,-13,15,-38,13
332842,,8,35,PRG_HTOL,45,-15,17,-36,15
335911,,8,35,PRG_HTOL,46,-12,16,-37,17
332826,,8,35,PRG_HTOL,47,-13,15,-35,16
263714,,8,35,PRG_HTOL,48,-12,13,-39,20
331807,,8,35,PRG_HTOL,49,-14,17,-35,14
334374,,8,35,PRG_HTOL,51,-13,12,-32,13
267267,,8,35,PRG_HTOL,53,-18,16,-35,13
331842,,8,35,PRG_HTOL,54,-12,13,-38,15
335386,,8,35,PRG_HTOL,55,-15,12,-36,13
269863,,8,35,PRG_HTOL,56,-14,12,-34,15
268318,,8,35,PRG_HTOL,57,-15,16,-33,13
334886,,8,35,PRG_HTOL,58,-15,15,-35,16
330786,,8,35,PRG_HTOL,59,-14,14,-30,13
268838,,8,35,PRG_HTOL,60,-15,15,-34,14
333850,,8,35,PRG_HTOL,61,-13,16,-36,15
331786,,8,35,PRG_HTOL,63,-14,20,-37,15
332347,,8,35,PRG_HTOL,64,-11,12,-37,18
269350,,8,35,PRG_HTOL,65,-13,13,-35,15
266778,,8,35,PRG_HTOL,66,-15,12,-34,15
270894,,8,35,PRG_HTOL,67,-13,15,-38,14
267834,,8,35,PRG_HTOL,68,-12,12,-34,12
265743,,8,35,PRG_HTOL,69,-14,18,-34,13
334370,,8,35,PRG_HTOL,70,-14,13,-35,16
336431,,8,35,PRG_HTOL,71,-13,15,-37,18
329778,,8,35,PRG_HTOL,72,-14,14,-33,14
332358,,8,35,PRG_HTOL,73,-14,13,-34,15
336430,,8,35,PRG_HTOL,74,-13,13,-38,12
267279,,8,35,PRG_HTOL,75,-13,14,-34,13
334363,,8,35,PRG_HTOL,76,-14,14,-38,17
265771,,8,35,PRG_HTOL,77,-13,14,-35,18
334898,,8,35,PRG_HTOL,78,-14,12,-32,16
270378,,8,35,PRG_HTOL,79,-15,13,-36,16
335410,,8,35,PRG_HTOL,80,-13,13,-36,14
268342,,8,35,PRG_HTOL,82,-12,13,-34,14
270891,,8,35,PRG_HTOL,83,-14,13,-35,14
268847,,8,35,PRG_HTOL,84,-14,16,-32,14
335390,,8,35,PRG_HTOL,85,-15,15,-35,16
267290,,8,35,PRG_HTOL,87,-12,15,-31,16
262702,0,9,35,AFTER_EE_EDR,1,-13,17,-35,13
271406,0,9,35,AFTER_EE_EDR,2,-14,13,-29,16
266267,0,9,35,AFTER_EE_EDR,3,-15,15,-29,15
268350,0,9,35,AFTER_EE_EDR,4,-15,15,-33,16
269858,0,9,35,AFTER_EE_EDR,5,-15,13,-33,13
333866,0,9,35,AFTER_EE_EDR,6,-18,16,-31,17
270370,0,9,35,AFTER_EE_EDR,7,-12,13,-32,13
267302,0,9,35,AFTER_EE_EDR,8,-15,16,-29,16
332854,0,9,35,AFTER_EE_EDR,9,-13,14,-33,20
332322,0,9,35,AFTER_EE_EDR,10,-14,14,-34,15
332339,0,9,35,AFTER_EE_EDR,11,-12,16,-36,19
268306,0,9,35,AFTER_EE_EDR,12,-14,14,-34,13
334346,0,9,35,AFTER_EE_EDR,13,-17,13,-32,18
334367,0,9,35,AFTER_EE_EDR,14,-15,15,-32,17
266307,0,9,35,AFTER_EE_EDR,50,-13,14,-29,15
334390,0,9,35,AFTER_EE_EDR,15,-11,13,-39,19
264250,0,9,35,AFTER_EE_EDR,16,-13,14,-31,17
334399,0,9,35,AFTER_EE_EDR,17,-12,17,-29,15
329766,0,9,35,AFTER_EE_EDR,18,-13,13,-30,12
333875,0,9,35,AFTER_EE_EDR,19,-12,14,-31,16
330774,0,9,35,AFTER_EE_EDR,20,-15,15,-33,16
266806,0,9,35,AFTER_EE_EDR,21,-16,13,-33,13
332834,0,9,35,AFTER_EE_EDR,22,-13,13,-33,17
332858,0,9,35,AFTER_EE_EDR,24,-16,15,-31,15
267843,0,9,35,AFTER_EE_EDR,25,-16,12,-30,16
332343,0,9,35,AFTER_EE_EDR,26,-14,15,-30,17
333842,0,9,35,AFTER_EE_EDR,27,-15,15,-33,17
269850,0,9,35,AFTER_EE_EDR,28,-15,15,-31,15
265279,0,9,35,AFTER_EE_EDR,29,-14,14,-32,17
266803,0,9,35,AFTER_EE_EDR,30,-15,14,-32,16
331286,0,9,35,AFTER_EE_EDR,31,-14,14,-32,15
266811,0,9,35,AFTER_EE_EDR,32,-14,17,-32,15
267791,0,9,35,AFTER_EE_EDR,33,-14,19,-30,15
333379,0,9,35,AFTER_EE_EDR,34,-15,16,-31,18
335914,0,9,35,AFTER_EE_EDR,35,-15,13,-32,16
333855,0,9,35,AFTER_EE_EDR,36,-16,15,-30,17
330278,0,9,35,AFTER_EE_EDR,37,-14,14,-29,17
267830,0,9,35,AFTER_EE_EDR,40,-15,18,-30,15
332843,0,9,35,AFTER_EE_EDR,41,-15,16,-34,17
330782,0,9,35,AFTER_EE_EDR,42,-14,15,-32,16
334895,0,9,35,AFTER_EE_EDR,43,-15,14,-29,19
336422,0,9,35,AFTER_EE_EDR,44,-14,15,-32,16
332842,0,9,35,AFTER_EE_EDR,45,-15,17,-31,17
335911,0,9,35,AFTER_EE_EDR,46,-13,16,-31,19
332826,0,9,35,AFTER_EE_EDR,47,-13,15,-30,19
263714,0,9,35,AFTER_EE_EDR,48,-13,14,-31,16
331807,0,9,35,AFTER_EE_EDR,49,-14,16,-30,18
334374,0,9,35,AFTER_EE_EDR,51,-14,13,-30,18
267267,0,9,35,AFTER_EE_EDR,53,-18,17,-30,14
331842,0,9,35,AFTER_EE_EDR,54,-13,13,-31,17
335386,0,9,35,AFTER_EE_EDR,55,-15,13,-31,18
269863,0,9,35,AFTER_EE_EDR,56,-15,13,-29,17
268318,0,9,35,AFTER_EE_EDR,57,-16,16,-29,16
334886,0,9,35,AFTER_EE_EDR,58,-15,14,-29,17
330786,0,9,35,AFTER_EE_EDR,59,-15,14,-28,17
268838,0,9,35,AFTER_EE_EDR,60,-15,15,-30,16
333850,0,9,35,AFTER_EE_EDR,61,-13,16,-31,18
331786,0,9,35,AFTER_EE_EDR,63,-14,20,-33,15
332347,0,9,35,AFTER_EE_EDR,64,-12,13,-30,19
269350,0,9,35,AFTER_EE_EDR,65,-14,14,-31,16
266778,0,9,35,AFTER_EE_EDR,66,-15,13,-29,18
270894,0,9,35,AFTER_EE_EDR,67,-13,16,-31,15
267834,0,9,35,AFTER_EE_EDR,68,-13,13,-31,16
265743,0,9,35,AFTER_EE_EDR,69,-15,18,-31,16
334370,0,9,35,AFTER_EE_EDR,70,-15,14,-31,17
336431,0,9,35,AFTER_EE_EDR,71,-12,16,-27,17
329778,0,9,35,AFTER_EE_EDR,72,-14,14,-28,17
332358,0,9,35,AFTER_EE_EDR,73,-18,14,-29,16
336430,0,9,35,AFTER_EE_EDR,74,-14,14,-32,15
267279,0,9,35,AFTER_EE_EDR,75,-14,14,-29,16
334363,0,9,35,AFTER_EE_EDR,76,-15,15,-32,19
265771,0,9,35,AFTER_EE_EDR,77,-14,15,-31,18
334898,0,9,35,AFTER_EE_EDR,78,-14,12,-33,18
270378,0,9,35,AFTER_EE_EDR,79,-16,14,-32,18
335410,0,9,35,AFTER_EE_EDR,80,-14,14,-29,15
268342,0,9,35,AFTER_EE_EDR,82,-13,14,-29,17
270891,0,9,35,AFTER_EE_EDR,83,-14,14,-28,18
268847,0,9,35,AFTER_EE_EDR,84,-14,16,-26,16
335390,0,9,35,AFTER_EE_EDR,85,-15,15,-30,18
267290,0,9,35,AFTER_EE_EDR,87,-13,15,-27,17
262702,0,10,150,AFTER_EE_EDR,No_Device,No_Device,No_Device,No_Device,No_Device
271406,0,10,150,AFTER_EE_EDR,2,-15,16,-24,17
266267,0,10,150,AFTER_EE_EDR,3,-16,17,-24,16
268350,0,10,150,AFTER_EE_EDR,4,-16,16,-27,18
269858,0,10,150,AFTER_EE_EDR,No_Device,No_Device,No_Device,No_Device,No_Device
333866,0,10,150,AFTER_EE_EDR,6,-17,15,-26,18
270370,0,10,150,AFTER_EE_EDR,No_Device,No_Device,No_Device,No_Device,No_Device
267302,0,10,150,AFTER_EE_EDR,8,-15,17,-23,17
332854,0,10,150,AFTER_EE_EDR,9,-16,16,-27,20
332322,0,10,150,AFTER_EE_EDR,No_Device,No_Device,No_Device,No_Device,No_Device
332339,0,10,150,AFTER_EE_EDR,No_Device,No_Device,No_Device,No_Device,No_Device
268306,0,10,150,AFTER_EE_EDR,No_Device,No_Device,No_Device,No_Device,No_Device
334346,0,10,150,AFTER_EE_EDR,13,-16,15,-25,19
334367,0,10,150,AFTER_EE_EDR,14,-16,16,-25,17
266307,0,10,150,AFTER_EE_EDR,50,-15,17,-24,17
334390,0,10,150,AFTER_EE_EDR,No_Device,No_Device,No_Device,No_Device,No_Device
264250,0,10,150,AFTER_EE_EDR,16,-14,16,-25,18
334399,0,10,150,AFTER_EE_EDR,17,-16,16,-23,17
329766,0,10,150,AFTER_EE_EDR,18,-16,15,-24,13
333875,0,10,150,AFTER_EE_EDR,19,-16,17,-24,18
330774,0,10,150,AFTER_EE_EDR,20,-15,16,-27,17
266806,0,10,150,AFTER_EE_EDR,21,-15,16,-27,15
332834,0,10,150,AFTER_EE_EDR,22,-15,15,-25,19
332858,0,10,150,AFTER_EE_EDR,24,-15,16,-24,18
267843,0,10,150,AFTER_EE_EDR,25,-16,15,-25,18
332343,0,10,150,AFTER_EE_EDR,26,-14,16,-24,17
333842,0,10,150,AFTER_EE_EDR,27,-15,17,-27,19
269850,0,10,150,AFTER_EE_EDR,28,-16,18,-25,16
265279,0,10,150,AFTER_EE_EDR,29,-14,16,-25,18
266803,0,10,150,AFTER_EE_EDR,30,-15,16,-26,17
331286,0,10,150,AFTER_EE_EDR,31,-15,18,-25,16
266811,0,10,150,AFTER_EE_EDR,32,-16,15,-25,17
267791,0,10,150,AFTER_EE_EDR,33,-15,17,-24,16
333379,0,10,150,AFTER_EE_EDR,34,-16,16,-25,19
335914,0,10,150,AFTER_EE_EDR,35,-15,15,-26,18
333855,0,10,150,AFTER_EE_EDR,36,-16,17,-24,18
330278,0,10,150,AFTER_EE_EDR,37,-14,15,-22,18
267830,0,10,150,AFTER_EE_EDR,40,-16,18,-24,16
332843,0,10,150,AFTER_EE_EDR,41,-15,17,-27,18
330782,0,10,150,AFTER_EE_EDR,42,-15,16,-26,17
334895,0,10,150,AFTER_EE_EDR,43,-16,17,-22,20
336422,0,10,150,AFTER_EE_EDR,44,-16,17,-25,17
332842,0,10,150,AFTER_EE_EDR,45,-15,17,-24,17
335911,0,10,150,AFTER_EE_EDR,46,-14,16,-24,19
332826,0,10,150,AFTER_EE_EDR,47,-15,17,-24,19
263714,0,10,150,AFTER_EE_EDR,48,-15,16,-25,16
331807,0,10,150,AFTER_EE_EDR,49,-15,15,-23,18
334374,0,10,150,AFTER_EE_EDR,51,-14,17,-23,18
267267,0,10,150,AFTER_EE_EDR,53,-17,16,-25,15
331842,0,10,150,AFTER_EE_EDR,54,-16,16,-25,18
335386,0,10,150,AFTER_EE_EDR,55,-16,15,-24,18
269863,0,10,150,AFTER_EE_EDR,56,-16,15,-23,17
268318,0,10,150,AFTER_EE_EDR,57,-15,15,-24,17
334886,0,10,150,AFTER_EE_EDR,58,-14,16,-24,18
330786,0,10,150,AFTER_EE_EDR,59,-16,15,-23,18
268838,0,10,150,AFTER_EE_EDR,60,-16,17,-24,18
333850,0,10,150,AFTER_EE_EDR,61,-15,17,-25,19
331786,0,10,150,AFTER_EE_EDR,63,-15,18,-25,17
332347,0,10,150,AFTER_EE_EDR,64,-15,14,-24,21
269350,0,10,150,AFTER_EE_EDR,65,-16,16,-26,16
266778,0,10,150,AFTER_EE_EDR,66,-16,16,-23,18
270894,0,10,150,AFTER_EE_EDR,67,-15,16,-24,16
267834,0,10,150,AFTER_EE_EDR,68,-14,16,-24,17
265743,0,10,150,AFTER_EE_EDR,69,-15,17,-25,16
334370,0,10,150,AFTER_EE_EDR,70,-16,17,-25,18
336431,0,10,150,AFTER_EE_EDR,71,-14,16,-21,18
329778,0,10,150,AFTER_EE_EDR,72,-16,16,-23,18
332358,0,10,150,AFTER_EE_EDR,73,-18,16,-24,17
336430,0,10,150,AFTER_EE_EDR,74,-15,16,-24,16
267279,0,10,150,AFTER_EE_EDR,75,-16,16,-24,18
334363,0,10,150,AFTER_EE_EDR,76,-15,15,-25,20
265771,0,10,150,AFTER_EE_EDR,77,-15,17,-25,19
334898,0,10,150,AFTER_EE_EDR,No_Device,No_Device,No_Device,No_Device,No_Device
270378,0,10,150,AFTER_EE_EDR,79,-15,15,-25,19
335410,0,10,150,AFTER_EE_EDR,80,-16,16,-22,17
268342,0,10,150,AFTER_EE_EDR,82,-15,15,-25,18
270891,0,10,150,AFTER_EE_EDR,83,-15,16,-22,18
268847,0,10,150,AFTER_EE_EDR,84,-15,17,-22,17
335390,0,10,150,AFTER_EE_EDR,85,-16,17,-24,18
267290,0,10,150,AFTER_EE_EDR,87,-14,16,-23,18
262702,0,11,-40,AFTER_EE_EDR,No_Device,No_Device,No_Device,No_Device,No_Device
271406,0,11,-40,AFTER_EE_EDR,2,-13,13,-30,12
266267,0,11,-40,AFTER_EE_EDR,3,-15,14,-31,12
268350,0,11,-40,AFTER_EE_EDR,4,-14,16,-31,11
269858,0,11,-40,AFTER_EE_EDR,No_Device,No_Device,No_Device,No_Device,No_Device
333866,0,11,-40,AFTER_EE_EDR,6,-20,15,-34,13
270370,0,11,-40,AFTER_EE_EDR,No_Device,No_Device,No_Device,No_Device,No_Device
267302,0,11,-40,AFTER_EE_EDR,8,-12,16,-29,12
332854,0,11,-40,AFTER_EE_EDR,9,-12,13,-31,15
332322,0,11,-40,AFTER_EE_EDR,No_Device,No_Device,No_Device,No_Device,No_Device
332339,0,11,-40,AFTER_EE_EDR,No_Device,No_Device,No_Device,No_Device,No_Device
268306,0,11,-40,AFTER_EE_EDR,No_Device,No_Device,No_Device,No_Device,No_Device
334346,0,11,-40,AFTER_EE_EDR,13,-17,12,-32,13
334367,0,11,-40,AFTER_EE_EDR,14,-15,15,-32,14
266307,0,11,-40,AFTER_EE_EDR,50,-12,13,-28,10
334390,0,11,-40,AFTER_EE_EDR,No_Device,No_Device,No_Device,No_Device,No_Device
264250,0,11,-40,AFTER_EE_EDR,16,-12,13,-32,12
334399,0,11,-40,AFTER_EE_EDR,17,-11,17,-30,12
329766,0,11,-40,AFTER_EE_EDR,18,-12,12,-31,8
333875,0,11,-40,AFTER_EE_EDR,19,-12,14,-34,13
330774,0,11,-40,AFTER_EE_EDR,20,-14,14,-33,12
266806,0,11,-40,AFTER_EE_EDR,21,-15,13,-34,9
332834,0,11,-40,AFTER_EE_EDR,22,-12,12,-35,13
332858,0,11,-40,AFTER_EE_EDR,24,-15,14,-30,11
267843,0,11,-40,AFTER_EE_EDR,25,-16,11,-33,11
332343,0,11,-40,AFTER_EE_EDR,26,-15,14,-31,13
333842,0,11,-40,AFTER_EE_EDR,27,-15,13,-34,14
269850,0,11,-40,AFTER_EE_EDR,28,-14,14,-34,11
265279,0,11,-40,AFTER_EE_EDR,29,-13,13,-32,13
266803,0,11,-40,AFTER_EE_EDR,30,-14,12,-33,12
331286,0,11,-40,AFTER_EE_EDR,31,-13,13,-34,12
266811,0,11,-40,AFTER_EE_EDR,32,-14,17,-30,10
267791,0,11,-40,AFTER_EE_EDR,33,-13,19,-31,12
333379,0,11,-40,AFTER_EE_EDR,34,-15,15,-32,15
335914,0,11,-40,AFTER_EE_EDR,35,-14,12,-33,14
333855,0,11,-40,AFTER_EE_EDR,36,-17,14,-34,12
330278,0,11,-40,AFTER_EE_EDR,37,-13,13,-30,14
267830,0,11,-40,AFTER_EE_EDR,40,-15,17,-31,10
332843,0,11,-40,AFTER_EE_EDR,41,-14,16,-36,13
330782,0,11,-40,AFTER_EE_EDR,42,-12,13,-30,12
334895,0,11,-40,AFTER_EE_EDR,43,-13,13,-32,16
336422,0,11,-40,AFTER_EE_EDR,44,-13,15,-34,13
332842,0,11,-40,AFTER_EE_EDR,45,-14,16,-32,14
335911,0,11,-40,AFTER_EE_EDR,46,-12,17,-34,14
332826,0,11,-40,AFTER_EE_EDR,47,-12,14,-29,17
263714,0,11,-40,AFTER_EE_EDR,48,-13,14,-32,12
331807,0,11,-40,AFTER_EE_EDR,49,-13,15,-27,15
334374,0,11,-40,AFTER_EE_EDR,51,-13,12,-30,14
267267,0,11,-40,AFTER_EE_EDR,53,-19,19,-32,10
331842,0,11,-40,AFTER_EE_EDR,54,-12,12,-33,14
335386,0,11,-40,AFTER_EE_EDR,55,-15,12,-32,15
269863,0,11,-40,AFTER_EE_EDR,56,-14,12,-29,14
268318,0,11,-40,AFTER_EE_EDR,57,-14,15,-31,12
334886,0,11,-40,AFTER_EE_EDR,58,-15,14,-29,15
330786,0,11,-40,AFTER_EE_EDR,59,-15,13,-26,13
268838,0,11,-40,AFTER_EE_EDR,60,-13,14,-31,14
333850,0,11,-40,AFTER_EE_EDR,61,-13,16,-33,15
331786,0,11,-40,AFTER_EE_EDR,63,-14,20,-35,11
332347,0,11,-40,AFTER_EE_EDR,64,-11,12,-32,15
269350,0,11,-40,AFTER_EE_EDR,65,-12,13,-30,13
266778,0,11,-40,AFTER_EE_EDR,66,-13,12,-29,12
270894,0,11,-40,AFTER_EE_EDR,67,-13,15,-31,11
267834,0,11,-40,AFTER_EE_EDR,68,-12,12,-29,11
265743,0,11,-40,AFTER_EE_EDR,69,-14,19,-32,13
334370,0,11,-40,AFTER_EE_EDR,70,-14,13,-32,14
336431,0,11,-40,AFTER_EE_EDR,71,-11,15,-29,15
329778,0,11,-40,AFTER_EE_EDR,72,-13,13,-29,13
332358,0,11,-40,AFTER_EE_EDR,73,-16,13,-29,12
336430,0,11,-40,AFTER_EE_EDR,74,-15,12,-34,12
267279,0,11,-40,AFTER_EE_EDR,75,-14,13,-29,12
334363,0,11,-40,AFTER_EE_EDR,76,-14,15,-32,16
265771,0,11,-40,AFTER_EE_EDR,77,-12,14,-29,14
334898,0,11,-40,AFTER_EE_EDR,No_Device,No_Device,No_Device,No_Device,No_Device
270378,0,11,-40,AFTER_EE_EDR,79,-14,13,-32,14
335410,0,11,-40,AFTER_EE_EDR,80,-12,13,-31,9
268342,0,11,-40,AFTER_EE_EDR,82,-12,13,-31,13
270891,0,11,-40,AFTER_EE_EDR,83,-14,12,-30,14
268847,0,11,-40,AFTER_EE_EDR,84,-15,15,-27,11
335390,0,11,-40,AFTER_EE_EDR,85,-15,14,-30,14
267290,0,11,-40,AFTER_EE_EDR,87,-12,14,-26,15
262702,20,12,35,HTOL 20h,No_Device,No_Device,No_Device,No_Device,No_Device
271406,20,12,35,HTOL 20h,2,-12,11,-25,15
266267,20,12,35,HTOL 20h,3,-12,12,-26,15
268350,20,12,35,HTOL 20h,4,-12,12,-29,17
269858,20,12,35,HTOL 20h,No_Device,No_Device,No_Device,No_Device,No_Device
333866,20,12,35,HTOL 20h,6,-12,12,-27,18
270370,20,12,35,HTOL 20h,No_Device,No_Device,No_Device,No_Device,No_Device
267302,20,12,35,HTOL 20h,8,-12,12,-24,16
332854,20,12,35,HTOL 20h,9,-11,12,-29,19
332322,20,12,35,HTOL 20h,No_Device,No_Device,No_Device,No_Device,No_Device
332339,20,12,35,HTOL 20h,No_Device,No_Device,No_Device,No_Device,No_Device
268306,20,12,35,HTOL 20h,No_Device,No_Device,No_Device,No_Device,No_Device
334346,20,12,35,HTOL 20h,13,-13,12,-26,18
334367,20,12,35,HTOL 20h,14,-12,12,-26,18
266307,20,12,35,HTOL 20h,50,-13,13,-27,15
334390,20,12,35,HTOL 20h,No_Device,No_Device,No_Device,No_Device,No_Device
264250,20,12,35,HTOL 20h,16,-12,12,-26,17
334399,20,12,35,HTOL 20h,17,-11,12,-25,15
329766,20,12,35,HTOL 20h,18,-12,12,-27,13
333875,20,12,35,HTOL 20h,19,-12,12,-26,18
330774,20,12,35,HTOL 20h,20,-13,13,-28,14
266806,20,12,35,HTOL 20h,21,-12,12,-29,14
332834,20,12,35,HTOL 20h,22,-12,12,-28,19
332858,20,12,35,HTOL 20h,,1,16,-26,15
267843,20,12,35,HTOL 20h,25,-12,12,-26,16
332343,20,12,35,HTOL 20h,26,-12,12,-26,18
333842,20,12,35,HTOL 20h,27,-12,13,-27,17
269850,20,12,35,HTOL 20h,28,-12,12,-28,15
265279,20,12,35,HTOL 20h,29,-12,12,-27,16
266803,20,12,35,HTOL 20h,30,-12,12,-28,17
331286,20,12,35,HTOL 20h,31,-12,12,-27,15
266811,20,12,35,HTOL 20h,32,-12,12,-27,16
267791,20,12,35,HTOL 20h,33,-13,13,-25,16
333379,20,12,35,HTOL 20h,34,-13,12,-27,19
335914,20,12,35,HTOL 20h,35,-12,12,-27,16
333855,20,12,35,HTOL 20h,36,-12,13,-25,17
330278,20,12,35,HTOL 20h,37,-12,12,-24,17
267830,20,12,35,HTOL 20h,40,-12,13,-25,15
332843,20,12,35,HTOL 20h,41,-12,12,-28,15
330782,20,12,35,HTOL 20h,42,-12,13,-28,18
334895,20,12,35,HTOL 20h,43,-13,13,-25,19
336422,20,12,35,HTOL 20h,44,-13,15,-29,16
332842,20,12,35,HTOL 20h,45,-12,13,-27,17
335911,20,12,35,HTOL 20h,46,-13,13,-27,19
332826,20,12,35,HTOL 20h,47,-12,13,-28,17
263714,20,12,35,HTOL 20h,48,-13,12,-28,15
331807,20,12,35,HTOL 20h,49,-14,15,-26,18
334374,20,12,35,HTOL 20h,51,-12,13,-27,18
267267,20,12,35,HTOL 20h,53,-13,14,-28,13
331842,20,12,35,HTOL 20h,54,-12,13,-29,17
335386,20,12,35,HTOL 20h,55,-13,12,-28,18
269863,20,12,35,HTOL 20h,56,-13,12,-26,18
268318,20,12,35,HTOL 20h,57,-13,14,-27,16
334886,20,12,35,HTOL 20h,58,-13,13,-27,17
330786,20,12,35,HTOL 20h,59,-14,13,-27,17
268838,20,12,35,HTOL 20h,60,-13,14,-27,17
333850,20,12,35,HTOL 20h,61,-12,13,-28,18
331786,20,12,35,HTOL 20h,63,-13,14,-29,15
332347,20,12,35,HTOL 20h,64,-12,12,-27,20
269350,20,12,35,HTOL 20h,65,-13,14,-29,16
266778,20,12,35,HTOL 20h,66,-12,13,-27,16
270894,20,12,35,HTOL 20h,67,-12,12,-29,16
267834,20,12,35,HTOL 20h,68,-12,13,-28,17
265743,20,12,35,HTOL 20h,69,-12,13,-28,15
334370,20,12,35,HTOL 20h,70,-14,13,-28,18
336431,20,12,35,HTOL 20h,71,-12,13,-23,17
329778,20,12,35,HTOL 20h,72,-13,13,-26,17
332358,20,12,35,HTOL 20h,73,-14,13,-26,15
336430,20,12,35,HTOL 20h,74,-13,13,-29,16
267279,20,12,35,HTOL 20h,75,-14,13,-27,16
334363,20,12,35,HTOL 20h,76,-12,14,-30,19
265771,20,12,35,HTOL 20h,77,-13,12,-28,18
334898,20,12,35,HTOL 20h,No_Device,No_Device,No_Device,No_Device,No_Device
270378,20,12,35,HTOL 20h,79,-12,13,-29,18
335410,20,12,35,HTOL 20h,80,-13,14,-26,16
268342,20,12,35,HTOL 20h,82,-12,13,-28,17
270891,20,12,35,HTOL 20h,83,-12,13,-25,17
268847,20,12,35,HTOL 20h,84,-13,13,-24,15
335390,20,12,35,HTOL 20h,85,-14,14,-28,18
267290,20,12,35,HTOL 20h,87,-12,13,-25,18
262702,500,13,35,HTOL 500h,No_Device,No_Device,No_Device,No_Device,No_Device
271406,500,13,35,HTOL 500h,2,-9,8,-18,14
266267,500,13,35,HTOL 500h,3,-10,10,-20,13
268350,500,13,35,HTOL 500h,4,-10,10,-22,16
269858,500,13,35,HTOL 500h,No_Device,No_Device,No_Device,No_Device,No_Device
333866,500,13,35,HTOL 500h,6,-10,10,-20,17
270370,500,13,35,HTOL 500h,No_Device,No_Device,No_Device,No_Device,No_Device
267302,500,13,35,HTOL 500h,8,-10,10,-17,16
332854,500,13,35,HTOL 500h,9,-8,9,-22,18
332322,500,13,35,HTOL 500h,No_Device,No_Device,No_Device,No_Device,No_Device
332339,500,13,35,HTOL 500h,No_Device,No_Device,No_Device,No_Device,No_Device
268306,500,13,35,HTOL 500h,No_Device,No_Device,No_Device,No_Device,No_Device
334346,500,13,35,HTOL 500h,13,-10,10,-19,16
334367,500,13,35,HTOL 500h,14,-10,11,-18,17
266307,500,13,35,HTOL 500h,50,-11,11,-21,16
334390,500,13,35,HTOL 500h,No_Device,No_Device,No_Device,No_Device,No_Device
264250,500,13,35,HTOL 500h,16,-9,9,-20,16
334399,500,13,35,HTOL 500h,17,-10,10,-19,15
329766,500,13,35,HTOL 500h,18,-9,11,-20,13
333875,500,13,35,HTOL 500h,19,-10,10,-19,18
330774,500,13,35,HTOL 500h,20,-11,11,-21,15
266806,500,13,35,HTOL 500h,21,-9,9,-22,15
332834,500,13,35,HTOL 500h,22,-10,11,-22,18
332858,500,13,35,HTOL 500h,No_Device,No_Device,No_Device,No_Device,No_Device
267843,500,13,35,HTOL 500h,25,-10,10,-20,15
332343,500,13,35,HTOL 500h,26,-10,10,-19,18
333842,500,13,35,HTOL 500h,27,-10,11,-19,17
269850,500,13,35,HTOL 500h,28,-10,9,-20,13
265279,500,13,35,HTOL 500h,29,-10,9,-19,15
266803,500,13,35,HTOL 500h,30,-10,10,-20,16
331286,500,13,35,HTOL 500h,31,-10,10,-20,15
266811,500,13,35,HTOL 500h,32,-10,10,-21,16
267791,500,13,35,HTOL 500h,33,-11,10,-18,16
333379,500,13,35,HTOL 500h,34,-11,10,-21,17
335914,500,13,35,HTOL 500h,35,-8,8,-20,16
333855,500,13,35,HTOL 500h,36,-10,10,-17,17
330278,500,13,35,HTOL 500h,37,-9,10,-17,18
267830,500,13,35,HTOL 500h,40,-11,10,-19,15
332843,500,13,35,HTOL 500h,41,-10,9,-22,15
330782,500,13,35,HTOL 500h,42,-10,10,-20,16
334895,500,13,35,HTOL 500h,43,-11,10,-18,17
336422,500,13,35,HTOL 500h,44,-11,11,-23,15
332842,500,13,35,HTOL 500h,45,-10,11,-22,17
335911,500,13,35,HTOL 500h,46,-11,11,-21,17
332826,500,13,35,HTOL 500h,47,-11,10,-20,17
263714,500,13,35,HTOL 500h,48,-11,10,-21,14
331807,500,13,35,HTOL 500h,49,-11,11,-18,16
334374,500,13,35,HTOL 500h,51,-10,11,-21,17
267267,500,13,35,HTOL 500h,53,-11,11,-22,14
331842,500,13,35,HTOL 500h,54,-10,10,-21,17
335386,500,13,35,HTOL 500h,55,-11,11,-21,15
269863,500,13,35,HTOL 500h,56,-11,11,-19,17
268318,500,13,35,HTOL 500h,57,-11,11,-20,15
334886,500,13,35,HTOL 500h,58,-10,10,-20,16
330786,500,13,35,HTOL 500h,59,-11,11,-21,16
268838,500,13,35,HTOL 500h,60,-11,11,-21,17
333850,500,13,35,HTOL 500h,61,-10,11,-20,17
331786,500,13,35,HTOL 500h,63,-11,11,-22,14
332347,500,13,35,HTOL 500h,64,-10,11,-18,19
269350,500,13,35,HTOL 500h,65,-11,11,-23,15
266778,500,13,35,HTOL 500h,66,-10,11,-20,16
270894,500,13,35,HTOL 500h,67,-9,10,-22,15
267834,500,13,35,HTOL 500h,68,-10,10,-21,17
265743,500,13,35,HTOL 500h,69,-10,10,-22,14
334370,500,13,35,HTOL 500h,70,-11,11,-22,16
336431,500,13,35,HTOL 500h,71,-11,10,-17,15
329778,500,13,35,HTOL 500h,72,-11,11,-19,15
332358,500,13,35,HTOL 500h,73,-11,11,-19,14
336430,500,13,35,HTOL 500h,74,-11,11,-22,14
267279,500,13,35,HTOL 500h,75,-11,11,-22,16
334363,500,13,35,HTOL 500h,76,-10,11,-22,18
265771,500,13,35,HTOL 500h,77,-11,10,-22,18
334898,500,13,35,HTOL 500h,No_Device,No_Device,No_Device,No_Device,No_Device
270378,500,13,35,HTOL 500h,79,-10,11,-22,16
335410,500,13,35,HTOL 500h,80,-11,11,-20,15
268342,500,13,35,HTOL 500h,823,-10,10,-21,16
270891,500,13,35,HTOL 500h,83,-10,11,-18,16
268847,500,13,35,HTOL 500h,84,-11,11,-17,14
335390,500,13,35,HTOL 500h,85,-11,11,-21,17
267290,500,13,35,HTOL 500h,87,-11,11,-19,17
262702,500,14,-40,HTOL 500h,No_Device,No_Device,No_Device,No_Device,No_Device
271406,500,14,-40,HTOL 500h,2,-9,8,-18,11
266267,500,14,-40,HTOL 500h,3,-9,9,-21,12
268350,500,14,-40,HTOL 500h,4,-9,9,-21,13
269858,500,14,-40,HTOL 500h,No_Device,No_Device,No_Device,No_Device,No_Device
333866,500,14,-40,HTOL 500h,6,1,15,-23,13
270370,500,14,-40,HTOL 500h,No_Device,No_Device,No_Device,No_Device,No_Device
267302,500,14,-40,HTOL 500h,8,-9,9,-20,13
332854,500,14,-40,HTOL 500h,9,-8,9,-20,16
332322,500,14,-40,HTOL 500h,No_Device,No_Device,No_Device,No_Device,No_Device
332339,500,14,-40,HTOL 500h,No_Device,No_Device,No_Device,No_Device,No_Device
268306,500,14,-40,HTOL 500h,No_Device,No_Device,No_Device,No_Device,No_Device
334346,500,14,-40,HTOL 500h,13,-10,9,-21,11
334367,500,14,-40,HTOL 500h,14,-9,10,-21,15
266307,500,14,-40,HTOL 500h,50,-10,10,-20,12
334390,500,14,-40,HTOL 500h,No_Device,No_Device,No_Device,No_Device,No_Device
264250,500,14,-40,HTOL 500h,16,1,15,-22,13
334399,500,14,-40,HTOL 500h,17,-9,9,-20,13
329766,500,14,-40,HTOL 500h,18,-9,10,-18,10
333875,500,14,-40,HTOL 500h,19,-9,9,-22,15
330774,500,14,-40,HTOL 500h,20,-10,10,-22,13
266806,500,14,-40,HTOL 500h,21,1,13,-24,12
332834,500,14,-40,HTOL 500h,22,-9,10,-23,16
332858,500,14,-40,HTOL 500h,No_Device,No_Device,No_Device,No_Device,No_Device
267843,500,14,-40,HTOL 500h,25,-10,10,-22,11
332343,500,14,-40,HTOL 500h,26,-9,9,-20,13
333842,500,14,-40,HTOL 500h,27,-10,10,-21,15
269850,500,14,-40,HTOL 500h,28,-9,9,-24,11
265279,500,14,-40,HTOL 500h,29,-9,8,-21,12
266803,500,14,-40,HTOL 500h,30,-9,9,-24,12
331286,500,14,-40,HTOL 500h,31,-9,10,-23,13
266811,500,14,-40,HTOL 500h,32,-9,10,-21,13
267791,500,14,-40,HTOL 500h,33,-10,10,-20,14
333379,500,14,-40,HTOL 500h,34,-10,9,-22,15
335914,500,14,-40,HTOL 500h,35,1,8,-22,14
333855,500,14,-40,HTOL 500h,36,-10,10,-20,13
330278,500,14,-40,HTOL 500h,37,-9,10,-17,18
267830,500,14,-40,HTOL 500h,40,-10,10,-20,12
332843,500,14,-40,HTOL 500h,41,1,9,-24,13
330782,500,14,-40,HTOL 500h,42,-9,10,-21,14
334895,500,14,-40,HTOL 500h,43,-10,9,-20,15
336422,500,14,-40,HTOL 500h,44,-10,10,-24,12
332842,500,14,-40,HTOL 500h,45,-9,10,-23,14
335911,500,14,-40,HTOL 500h,46,-10,10,-24,14
332826,500,14,-40,HTOL 500h,47,-10,10,-21,16
263714,500,14,-40,HTOL 500h,48,-10,9,-22,9
331807,500,14,-40,HTOL 500h,49,-11,10,-16,13
334374,500,14,-40,HTOL 500h,51,-9,10,-21,14
267267,500,14,-40,HTOL 500h,53,-10,11,-24,11
331842,500,14,-40,HTOL 500h,54,-9,10,-22,15
335386,500,14,-40,HTOL 500h,55,-10,10,-23,15
269863,500,14,-40,HTOL 500h,56,-10,10,-19,15
268318,500,14,-40,HTOL 500h,57,-10,10,-23,12
334886,500,14,-40,HTOL 500h,58,-10,10,-20,14
330786,500,14,-40,HTOL 500h,59,-10,10,-19,14
268838,500,14,-40,HTOL 500h,60,-10,10,-22,13
333850,500,14,-40,HTOL 500h,61,-9,10,-24,15
331786,500,14,-40,HTOL 500h,63,-10,10,-25,12
332347,500,14,-40,HTOL 500h,64,-9,10,-19,15
269350,500,14,-40,HTOL 500h,65,-10,10,-23,12
266778,500,14,-40,HTOL 500h,66,-9,10,-22,13
270894,500,14,-40,HTOL 500h,67,-9,9,-23,12
267834,500,14,-40,HTOL 500h,68,-9,10,-20,12
265743,500,14,-40,HTOL 500h,69,-9,10,-24,13
334370,500,14,-40,HTOL 500h,70,-10,10,-23,14
336431,500,14,-40,HTOL 500h,71,-10,10,-20,13
329778,500,14,-40,HTOL 500h,72,-10,10,-20,12
332358,500,14,-40,HTOL 500h,73,-10,10,-21,12
336430,500,14,-40,HTOL 500h,74,-10,10,-25,13
267279,500,14,-40,HTOL 500h,75,-10,10,-22,14
334363,500,14,-40,HTOL 500h,76,-9,10,-24,16
265771,500,14,-40,HTOL 500h,77,-10,9,-22,15
334898,500,14,-40,HTOL 500h,No_Device,No_Device,No_Device,No_Device,No_Device
270378,500,14,-40,HTOL 500h,79,-9,10,-22,14
335410,500,14,-40,HTOL 500h,80,-10,10,-22,11
268342,500,14,-40,HTOL 500h,82,-9,9,-23,13
270891,500,14,-40,HTOL 500h,83,-10,10,-21,14
268847,500,14,-40,HTOL 500h,84,-10,10,-18,9
335390,500,14,-40,HTOL 500h,85,-11,10,-20,15
267290,500,14,-40,HTOL 500h,87,-10,10,-18,14
